chunk_id,doc_set,norma_id,norma_titulo,version_corte,idioma,seccion,subseccion,parrafo_ini,parrafo_fin,page_ini_pdf,page_fin_pdf,content_type,text,citation,source_file,metadata_json
NICSP 03-P0001,NICSP,NICSP 03,"POLÍTICAS CONTABLES, CAMBIOS EN LAS ESTIMACIONES CONTABLES Y ERRORES",31-01-2025,es,Objetivo,,1,1,6,6,paragraph,"El objetiv o de es ta Norma es prescribir los c riterios para s elecc ionar y modific ar las polític as c ontables , así c omo el (a) tratamiento contable y la informac ión a rev elar ac erc a de los cambios en las polític as contables , (b) cambios en las estimac iones c o ntables , y (c ) la c orrec c ión de errores. La Norma trata de realzar la relev anc ia y repres entac ión fiel de los es tados financ ieros de una entidad, as í como la c omparabilidad con es os es tados financ ieros a lo largo del tiempo, y con los elaborados por otras entidades .","NICSP 03 — POLÍTICAS CONTABLES, CAMBIOS EN LAS ESTIMACIONES CONTABLES Y ERRORES — Objetivo — párr. 1 — p. 6",NICSP 03.pdf,"{""chunk_id"": ""NICSP 03-P0001"", ""doc_set"": ""NICSP"", ""norma_id"": ""NICSP 03"", ""norma_titulo"": ""POLÍTICAS CONTABLES, CAMBIOS EN LAS ESTIMACIONES CONTABLES Y ERRORES"", ""version_corte"": ""31-01-2025"", ""idioma"": ""es"", ""seccion"": ""Objetivo"", ""subseccion"": null, ""parrafo_ini"": 1, ""parrafo_fin"": 1, ""page_ini_pdf"": 6, ""page_fin_pdf"": 6, ""content_type"": ""paragraph"", ""qa_scope"": ""normativo"", ""source_file"": ""NICSP 03.pdf""}"
NICSP 03-P0002,NICSP,NICSP 03,"POLÍTICAS CONTABLES, CAMBIOS EN LAS ESTIMACIONES CONTABLES Y ERRORES",31-01-2025,es,Objetivo,,2,2,6,6,paragraph,"Los requerimientos de información a revelar relativ os a polític as contables , ex cepto los referentes a c ambios en las polític as c ontables , han s ido es tablec idos en la NICSP 1, Pres entac ión de Es tados Financ ieros . A l cance","NICSP 03 — POLÍTICAS CONTABLES, CAMBIOS EN LAS ESTIMACIONES CONTABLES Y ERRORES — Objetivo — párr. 2 — p. 6",NICSP 03.pdf,"{""chunk_id"": ""NICSP 03-P0002"", ""doc_set"": ""NICSP"", ""norma_id"": ""NICSP 03"", ""norma_titulo"": ""POLÍTICAS CONTABLES, CAMBIOS EN LAS ESTIMACIONES CONTABLES Y ERRORES"", ""version_corte"": ""31-01-2025"", ""idioma"": ""es"", ""seccion"": ""Objetivo"", ""subseccion"": null, ""parrafo_ini"": 2, ""parrafo_fin"": 2, ""page_ini_pdf"": 6, ""page_fin_pdf"": 6, ""content_type"": ""paragraph"", ""qa_scope"": ""normativo"", ""source_file"": ""NICSP 03.pdf""}"
NICSP 03-P0003,NICSP,NICSP 03,"POLÍTICAS CONTABLES, CAMBIOS EN LAS ESTIMACIONES CONTABLES Y ERRORES",31-01-2025,es,Alcance,,3,3,6,6,paragraph,"Esta Norma se aplicará en la selección y aplicación de políticas contables, así como en la contabiliz ación de los cambios en éstas y en las estimaciones contables, y en la corrección de errores de periodos anteriores.","NICSP 03 — POLÍTICAS CONTABLES, CAMBIOS EN LAS ESTIMACIONES CONTABLES Y ERRORES — Alcance — párr. 3 — p. 6",NICSP 03.pdf,"{""chunk_id"": ""NICSP 03-P0003"", ""doc_set"": ""NICSP"", ""norma_id"": ""NICSP 03"", ""norma_titulo"": ""POLÍTICAS CONTABLES, CAMBIOS EN LAS ESTIMACIONES CONTABLES Y ERRORES"", ""version_corte"": ""31-01-2025"", ""idioma"": ""es"", ""seccion"": ""Alcance"", ""subseccion"": null, ""parrafo_ini"": 3, ""parrafo_fin"": 3, ""page_ini_pdf"": 6, ""page_fin_pdf"": 6, ""content_type"": ""paragraph"", ""qa_scope"": ""normativo"", ""source_file"": ""NICSP 03.pdf""}"
NICSP 03-P0004,NICSP,NICSP 03,"POLÍTICAS CONTABLES, CAMBIOS EN LAS ESTIMACIONES CONTABLES Y ERRORES",31-01-2025,es,Alcance,,4,4,6,6,paragraph,"Los efectos fiscales de correcciones de errores de periodos anteriores y de ajus tes retroac tivos hec hos para aplicar cambios en las polític as c ontables no s e c ons ideran en es ta Norma, y a que no s on relevantes para muc has entidades del sec tor públic o. Las n ormas de c ontabilidad internac ionales o nac ionales que traten los impues tos a las ganancias contienen guías sobre el tratamiento de los efectos fis cales .","NICSP 03 — POLÍTICAS CONTABLES, CAMBIOS EN LAS ESTIMACIONES CONTABLES Y ERRORES — Alcance — párr. 4 — p. 6",NICSP 03.pdf,"{""chunk_id"": ""NICSP 03-P0004"", ""doc_set"": ""NICSP"", ""norma_id"": ""NICSP 03"", ""norma_titulo"": ""POLÍTICAS CONTABLES, CAMBIOS EN LAS ESTIMACIONES CONTABLES Y ERRORES"", ""version_corte"": ""31-01-2025"", ""idioma"": ""es"", ""seccion"": ""Alcance"", ""subseccion"": null, ""parrafo_ini"": 4, ""parrafo_fin"": 4, ""page_ini_pdf"": 6, ""page_fin_pdf"": 6, ""content_type"": ""paragraph"", ""qa_scope"": ""normativo"", ""source_file"": ""NICSP 03.pdf""}"
NICSP 03-P0005,NICSP,NICSP 03,"POLÍTICAS CONTABLES, CAMBIOS EN LAS ESTIMACIONES CONTABLES Y ERRORES",31-01-2025,es,Alcance,,5,5,6,6,deleted,[Eliminado],"NICSP 03 — POLÍTICAS CONTABLES, CAMBIOS EN LAS ESTIMACIONES CONTABLES Y ERRORES — Alcance — párr. 5 — p. 6",NICSP 03.pdf,"{""chunk_id"": ""NICSP 03-P0005"", ""doc_set"": ""NICSP"", ""norma_id"": ""NICSP 03"", ""norma_titulo"": ""POLÍTICAS CONTABLES, CAMBIOS EN LAS ESTIMACIONES CONTABLES Y ERRORES"", ""version_corte"": ""31-01-2025"", ""idioma"": ""es"", ""seccion"": ""Alcance"", ""subseccion"": null, ""parrafo_ini"": 5, ""parrafo_fin"": 5, ""page_ini_pdf"": 6, ""page_fin_pdf"": 6, ""content_type"": ""deleted"", ""qa_scope"": ""historico"", ""source_file"": ""NICSP 03.pdf""}"
NICSP 03-P0006,NICSP,NICSP 03,"POLÍTICAS CONTABLES, CAMBIOS EN LAS ESTIMACIONES CONTABLES Y ERRORES",31-01-2025,es,Alcance,,6,6,6,6,deleted,[Eliminado],"NICSP 03 — POLÍTICAS CONTABLES, CAMBIOS EN LAS ESTIMACIONES CONTABLES Y ERRORES — Alcance — párr. 6 — p. 6",NICSP 03.pdf,"{""chunk_id"": ""NICSP 03-P0006"", ""doc_set"": ""NICSP"", ""norma_id"": ""NICSP 03"", ""norma_titulo"": ""POLÍTICAS CONTABLES, CAMBIOS EN LAS ESTIMACIONES CONTABLES Y ERRORES"", ""version_corte"": ""31-01-2025"", ""idioma"": ""es"", ""seccion"": ""Alcance"", ""subseccion"": null, ""parrafo_ini"": 6, ""parrafo_fin"": 6, ""page_ini_pdf"": 6, ""page_fin_pdf"": 6, ""content_type"": ""deleted"", ""qa_scope"": ""historico"", ""source_file"": ""NICSP 03.pdf""}"
NICSP 03-P0007,NICSP,NICSP 03,"POLÍTICAS CONTABLES, CAMBIOS EN LAS ESTIMACIONES CONTABLES Y ERRORES",31-01-2025,es,Definiciones,,7,7,6,7,definition,"Los términos siguientes se usan en esta Norma, con los significados que a continuación se especifican: Políticas contables son los principios, bases, convencionalismos, reglas y procedimientos específicos adoptados por una entidad en la elaboración y presentación de sus estados financieros. Un cambio en una estimación contable es un ajuste en el importe en libros de un activo o de un pasivo, o en el importe del consumo periódico de un activo, que se produce tras la evaluación de la situación actual del elemento, así como de los beneficios futuros esperados y de las obligaciones asociadas con los activos y pasivos correspondientes. Los cambios en las estimaciones contables son el resultado de nueva información o de nuevos acontecimientos y, en consecuencia, no son correcciones de errores. Impracticable La aplicación de un requisito será impracticable cuando la entidad no pueda aplicarlo tras efectuar todos los esfuerz os razonables para hacerlo. Para un periodo anterior en particular, es impracticable aplicar un cambio en una política contable retroactiv amente o realizar una reexpresión retroactiva para corregir un error si: (a) los efectos de la aplicación o de la reexpresión retroactivas no son determinables; (b) la aplicación o la reexpresión retroactivas implican establecer suposiciones acerca de cuáles hubieran podido ser las intenciones de la gerencia en ese periodo; o (c) la aplicación o la reexpresión retroactivas requieren estimaciones de importes significativos, y es imposible distinguir objetivamente información de tales estimaciones que: (i) suministre evidencia de las circunstancias que existían en la fecha o fechas en que tales importes fueron reconocidos, medidos o fue revelada la correspondiente información; y (ii) hubiera estado disponible cuando los estados financieros de los periodos anteriores fueron formulados para su emisión a partir de otra información. Errores de periodos anteriores son las omisiones e inexactitudes en los estados financieros de una entidad, para uno o más periodos anteriores, resultantes de un fallo al emplear o de un error al utiliz ar información fiable que: (a) estaba disponible cuando los estados financieros para tales periodos fueron autoriz ados para su emisión; y (b) podría esperarse razonablemente que se hubiera conseguido y tenido en cuenta en la elaboración y presentación de aquellos estados financieros. Dentro de estos errores se incluyen los efectos de errores aritméticos, errores en la aplicación de políticas contables, la inadvertencia o mala interpretación de hechos, así como los fraudes. La aplicación prospectiva de un cambio en una política contable y del reconocimiento del efecto de un cambio en una estimación contable consiste, respectivamente, en: (a) la aplicación de la nueva política contable a las transacciones, otros sucesos y condiciones ocurridos tras la fecha en que se cambió la política; y (b) el reconocimiento del efecto del cambio en la estimación contable para el periodo corriente y los futuros, afectados por dicho cambio. La aplicación retroactiva consiste en aplicar una nueva política contable a transacciones, otros sucesos y condiciones, como si ésa se hubiera aplicado siempre. La reexpresión retroactiva consiste en corregir el reconocimiento, medición e información a revelar de los importes de los elementos de los estados financieros, como si el error cometido en periodos anteriores no se hubiera cometido nunca. Los términos definidos en otras NICSP se utiliz an en esta Norma con el mismo significado que en dichas Normas, y se reproducen en el Glosario de términos definidos publicado por separado. Materialidad o Importancia relativa","NICSP 03 — POLÍTICAS CONTABLES, CAMBIOS EN LAS ESTIMACIONES CONTABLES Y ERRORES — Definiciones — párr. 7 — p. 6-7",NICSP 03.pdf,"{""chunk_id"": ""NICSP 03-P0007"", ""doc_set"": ""NICSP"", ""norma_id"": ""NICSP 03"", ""norma_titulo"": ""POLÍTICAS CONTABLES, CAMBIOS EN LAS ESTIMACIONES CONTABLES Y ERRORES"", ""version_corte"": ""31-01-2025"", ""idioma"": ""es"", ""seccion"": ""Definiciones"", ""subseccion"": null, ""parrafo_ini"": 7, ""parrafo_fin"": 7, ""page_ini_pdf"": 6, ""page_fin_pdf"": 7, ""content_type"": ""definition"", ""qa_scope"": ""normativo"", ""source_file"": ""NICSP 03.pdf""}"
NICSP 03-P0008,NICSP,NICSP 03,"POLÍTICAS CONTABLES, CAMBIOS EN LAS ESTIMACIONES CONTABLES Y ERRORES",31-01-2025,es,Definiciones,Materialidad o Importancia relativa,8,8,7,7,definition,"Ev aluar s i un error o inexactitud pudiera influir en las dec is iones económicas de los usuarios , y por tanto de c onsiderars e s ignific ativa, ex igirá tener en c uenta las c arac terís ticas de tales usuarios . Se supone que los us uarios tienen un c onoc imiento raz o nable del s ector público y de las ac tividades económic as y de su c ontabilidad, y también la v oluntad de es tudiar la informac ión con raz onable diligenc ia. En c ons ecuenc ia, la ev aluac ión nec es ita tener en cuenta cómo los us uarios c on las c arac terísticas desc ritas pueden v erse influidos , en términos razonables , al tomar y ev aluar dec is iones. Pol í t i cas cont abl es Selección y aplicación de políticas contables","NICSP 03 — POLÍTICAS CONTABLES, CAMBIOS EN LAS ESTIMACIONES CONTABLES Y ERRORES — Definiciones / Materialidad o Importancia relativa — párr. 8 — p. 7",NICSP 03.pdf,"{""chunk_id"": ""NICSP 03-P0008"", ""doc_set"": ""NICSP"", ""norma_id"": ""NICSP 03"", ""norma_titulo"": ""POLÍTICAS CONTABLES, CAMBIOS EN LAS ESTIMACIONES CONTABLES Y ERRORES"", ""version_corte"": ""31-01-2025"", ""idioma"": ""es"", ""seccion"": ""Definiciones"", ""subseccion"": ""Materialidad o Importancia relativa"", ""parrafo_ini"": 8, ""parrafo_fin"": 8, ""page_ini_pdf"": 7, ""page_fin_pdf"": 7, ""content_type"": ""definition"", ""qa_scope"": ""normativo"", ""source_file"": ""NICSP 03.pdf""}"
NICSP 03-P0009,NICSP,NICSP 03,"POLÍTICAS CONTABLES, CAMBIOS EN LAS ESTIMACIONES CONTABLES Y ERRORES",31-01-2025,es,Políticas contables,Selección y aplicación de políticas contables,9,9,7,7,paragraph,"Cuando una NICSP sea específicamente aplicable a una transacción, otro evento o condición, la política o políticas contables aplicadas a esa partida se determinarán aplicando la Norma.","NICSP 03 — POLÍTICAS CONTABLES, CAMBIOS EN LAS ESTIMACIONES CONTABLES Y ERRORES — Políticas contables / Selección y aplicación de políticas contables — párr. 9 — p. 7",NICSP 03.pdf,"{""chunk_id"": ""NICSP 03-P0009"", ""doc_set"": ""NICSP"", ""norma_id"": ""NICSP 03"", ""norma_titulo"": ""POLÍTICAS CONTABLES, CAMBIOS EN LAS ESTIMACIONES CONTABLES Y ERRORES"", ""version_corte"": ""31-01-2025"", ""idioma"": ""es"", ""seccion"": ""Políticas contables"", ""subseccion"": ""Selección y aplicación de políticas contables"", ""parrafo_ini"": 9, ""parrafo_fin"": 9, ""page_ini_pdf"": 7, ""page_fin_pdf"": 7, ""content_type"": ""paragraph"", ""qa_scope"": ""normativo"", ""source_file"": ""NICSP 03.pdf""}"
NICSP 03-P0010,NICSP,NICSP 03,"POLÍTICAS CONTABLES, CAMBIOS EN LAS ESTIMACIONES CONTABLES Y ERRORES",31-01-2025,es,Políticas contables,Selección y aplicación de políticas contables,10,10,7,8,paragraph,"Las NICSP es tablecen las polític as c ontables sobre las que el IPSASB ha llegado a la c onc lus ión de que dan lugar a estados financ ieros que c ontienen informac ión relev ante y fiable s obre las trans acc iones , otros ev entos y condic iones a las que s on aplicable s . Es tas polític as no neces itan s er aplicadas c uando el efecto de s u utilizac ión no s ea s ignific ativo. Sin embargo, no es adec uado dejar de aplic ar las NICSP, o dejar de c orregir errores , apoy ándos e en que el efec to no es s ignific ativo, c on el fin de alc an zar una presentac ión particular de la situac ión financ iera, rendimiento financiero o flujos de efec tivo de la entidad.","NICSP 03 — POLÍTICAS CONTABLES, CAMBIOS EN LAS ESTIMACIONES CONTABLES Y ERRORES — Políticas contables / Selección y aplicación de políticas contables — párr. 10 — p. 7-8",NICSP 03.pdf,"{""chunk_id"": ""NICSP 03-P0010"", ""doc_set"": ""NICSP"", ""norma_id"": ""NICSP 03"", ""norma_titulo"": ""POLÍTICAS CONTABLES, CAMBIOS EN LAS ESTIMACIONES CONTABLES Y ERRORES"", ""version_corte"": ""31-01-2025"", ""idioma"": ""es"", ""seccion"": ""Políticas contables"", ""subseccion"": ""Selección y aplicación de políticas contables"", ""parrafo_ini"": 10, ""parrafo_fin"": 10, ""page_ini_pdf"": 7, ""page_fin_pdf"": 8, ""content_type"": ""paragraph"", ""qa_scope"": ""normativo"", ""source_file"": ""NICSP 03.pdf""}"
NICSP 03-P0011,NICSP,NICSP 03,"POLÍTICAS CONTABLES, CAMBIOS EN LAS ESTIMACIONES CONTABLES Y ERRORES",31-01-2025,es,Políticas contables,Selección y aplicación de políticas contables,11,11,8,8,paragraph,Las NICSP s e ac ompañan de guías que ay udan a las entidades a aplicar s us requerimientos . Todas es tas guías s eñalan s i s on parte integrante de las NICSP. Las guías que s ean parte integrante de las NICSP s erán de cumplimiento obligatorio. Las guías que no s e an parte integrante de las NICSP no c ontienen requerimientos aplic ables a los es tados financ ieros .,"NICSP 03 — POLÍTICAS CONTABLES, CAMBIOS EN LAS ESTIMACIONES CONTABLES Y ERRORES — Políticas contables / Selección y aplicación de políticas contables — párr. 11 — p. 8",NICSP 03.pdf,"{""chunk_id"": ""NICSP 03-P0011"", ""doc_set"": ""NICSP"", ""norma_id"": ""NICSP 03"", ""norma_titulo"": ""POLÍTICAS CONTABLES, CAMBIOS EN LAS ESTIMACIONES CONTABLES Y ERRORES"", ""version_corte"": ""31-01-2025"", ""idioma"": ""es"", ""seccion"": ""Políticas contables"", ""subseccion"": ""Selección y aplicación de políticas contables"", ""parrafo_ini"": 11, ""parrafo_fin"": 11, ""page_ini_pdf"": 8, ""page_fin_pdf"": 8, ""content_type"": ""paragraph"", ""qa_scope"": ""normativo"", ""source_file"": ""NICSP 03.pdf""}"
NICSP 03-P0012,NICSP,NICSP 03,"POLÍTICAS CONTABLES, CAMBIOS EN LAS ESTIMACIONES CONTABLES Y ERRORES",31-01-2025,es,Políticas contables,Selección y aplicación de políticas contables,12,12,8,8,paragraph,"En ausencia de una NICSP que sea específicamente aplicable a una transacción, otro evento o condición, la gerencia deberá usar su juicio en el desarrollo y aplicación de una política contable que resulte en información que sea relevante a efectos de rendic ión de cuentas y necesidades de los usuarios para la toma de decisiones, que represente fielmente la situación financiera, el rendimiento financiero y los flujos de efectivo de la entidad, que cumpla con las características cualitativas de comprensibilidad , oportunidad, comparabilidad y verificabilidad y que tenga en cuenta las restricciones de la información incluida en los estados financieros con propósito general yel equilibrio entre las características cualitativas.","NICSP 03 — POLÍTICAS CONTABLES, CAMBIOS EN LAS ESTIMACIONES CONTABLES Y ERRORES — Políticas contables / Selección y aplicación de políticas contables — párr. 12 — p. 8",NICSP 03.pdf,"{""chunk_id"": ""NICSP 03-P0012"", ""doc_set"": ""NICSP"", ""norma_id"": ""NICSP 03"", ""norma_titulo"": ""POLÍTICAS CONTABLES, CAMBIOS EN LAS ESTIMACIONES CONTABLES Y ERRORES"", ""version_corte"": ""31-01-2025"", ""idioma"": ""es"", ""seccion"": ""Políticas contables"", ""subseccion"": ""Selección y aplicación de políticas contables"", ""parrafo_ini"": 12, ""parrafo_fin"": 12, ""page_ini_pdf"": 8, ""page_fin_pdf"": 8, ""content_type"": ""paragraph"", ""qa_scope"": ""normativo"", ""source_file"": ""NICSP 03.pdf""}"
NICSP 03-P0013,NICSP,NICSP 03,"POLÍTICAS CONTABLES, CAMBIOS EN LAS ESTIMACIONES CONTABLES Y ERRORES",31-01-2025,es,Políticas contables,Selección y aplicación de políticas contables,13,13,8,8,deleted,[Eliminado],"NICSP 03 — POLÍTICAS CONTABLES, CAMBIOS EN LAS ESTIMACIONES CONTABLES Y ERRORES — Políticas contables / Selección y aplicación de políticas contables — párr. 13 — p. 8",NICSP 03.pdf,"{""chunk_id"": ""NICSP 03-P0013"", ""doc_set"": ""NICSP"", ""norma_id"": ""NICSP 03"", ""norma_titulo"": ""POLÍTICAS CONTABLES, CAMBIOS EN LAS ESTIMACIONES CONTABLES Y ERRORES"", ""version_corte"": ""31-01-2025"", ""idioma"": ""es"", ""seccion"": ""Políticas contables"", ""subseccion"": ""Selección y aplicación de políticas contables"", ""parrafo_ini"": 13, ""parrafo_fin"": 13, ""page_ini_pdf"": 8, ""page_fin_pdf"": 8, ""content_type"": ""deleted"", ""qa_scope"": ""historico"", ""source_file"": ""NICSP 03.pdf""}"
NICSP 03-P0014,NICSP,NICSP 03,"POLÍTICAS CONTABLES, CAMBIOS EN LAS ESTIMACIONES CONTABLES Y ERRORES",31-01-2025,es,Políticas contables,Selección y aplicación de políticas contables,14,14,8,8,paragraph,"Al realiz ar los juicios profesionales descritos en el párrafo 12, la gerencia se referirá, y considerará la aplicabilidad de, las siguientes fuentes según el siguiente orden: (a) los requerimientos de las NICSP que traten temas similares y relacionados; y (b) las definiciones y criterios de reconocimiento y medición de activos, pasivos, ingresos y gastos descritos en el Marco Conceptual para la Información Financiera con Propósito General de las Entidades del Sector Público.","NICSP 03 — POLÍTICAS CONTABLES, CAMBIOS EN LAS ESTIMACIONES CONTABLES Y ERRORES — Políticas contables / Selección y aplicación de políticas contables — párr. 14 — p. 8",NICSP 03.pdf,"{""chunk_id"": ""NICSP 03-P0014"", ""doc_set"": ""NICSP"", ""norma_id"": ""NICSP 03"", ""norma_titulo"": ""POLÍTICAS CONTABLES, CAMBIOS EN LAS ESTIMACIONES CONTABLES Y ERRORES"", ""version_corte"": ""31-01-2025"", ""idioma"": ""es"", ""seccion"": ""Políticas contables"", ""subseccion"": ""Selección y aplicación de políticas contables"", ""parrafo_ini"": 14, ""parrafo_fin"": 14, ""page_ini_pdf"": 8, ""page_fin_pdf"": 8, ""content_type"": ""paragraph"", ""qa_scope"": ""normativo"", ""source_file"": ""NICSP 03.pdf""}"
NICSP 03-P0015,NICSP,NICSP 03,"POLÍTICAS CONTABLES, CAMBIOS EN LAS ESTIMACIONES CONTABLES Y ERRORES",31-01-2025,es,Políticas contables,Selección y aplicación de políticas contables,15,15,8,8,paragraph,"Al realiz ar los juicios profesionales descritos en el párrafo 12, la gerencia podría considerar también (a) los pronunciamientos más recientes de otras instituciones emisoras de normas y (b) las prácticas aceptadas del sector público o privado, pero solo e n la medida que estas no entren en conflicto con las fuentes del párrafo 14. Ejemplos de tales pronunciamientos incluyen los pronunciamientos del IASB, incluyendo las NIIF e Interpretaciones emitidas por el Comité de Interpretaciones de las NIIF del IASB ( CINIIF) o el anterior Comité de Interpretaciones (SIC). Congruencia de políticas contables","NICSP 03 — POLÍTICAS CONTABLES, CAMBIOS EN LAS ESTIMACIONES CONTABLES Y ERRORES — Políticas contables / Selección y aplicación de políticas contables — párr. 15 — p. 8",NICSP 03.pdf,"{""chunk_id"": ""NICSP 03-P0015"", ""doc_set"": ""NICSP"", ""norma_id"": ""NICSP 03"", ""norma_titulo"": ""POLÍTICAS CONTABLES, CAMBIOS EN LAS ESTIMACIONES CONTABLES Y ERRORES"", ""version_corte"": ""31-01-2025"", ""idioma"": ""es"", ""seccion"": ""Políticas contables"", ""subseccion"": ""Selección y aplicación de políticas contables"", ""parrafo_ini"": 15, ""parrafo_fin"": 15, ""page_ini_pdf"": 8, ""page_fin_pdf"": 8, ""content_type"": ""paragraph"", ""qa_scope"": ""normativo"", ""source_file"": ""NICSP 03.pdf""}"
NICSP 03-P0016,NICSP,NICSP 03,"POLÍTICAS CONTABLES, CAMBIOS EN LAS ESTIMACIONES CONTABLES Y ERRORES",31-01-2025,es,Políticas contables,Congruencia de políticas contables,16,16,8,8,paragraph,"Una entidad seleccionará y aplicará sus políticas contables de manera uniforme para transacciones, otros eventos y condiciones que sean similares, a menos que una NICSP requiera o permita establecer categorías de partidas para las cuales podría ser apropia do aplicar diferentes políticas. Si una NICSP requiere o permite establecer esas categorías, se seleccionará una política contable adecuada, y se aplicará de manera uniforme a cada categoría. Cambios en políticas contables","NICSP 03 — POLÍTICAS CONTABLES, CAMBIOS EN LAS ESTIMACIONES CONTABLES Y ERRORES — Políticas contables / Congruencia de políticas contables — párr. 16 — p. 8",NICSP 03.pdf,"{""chunk_id"": ""NICSP 03-P0016"", ""doc_set"": ""NICSP"", ""norma_id"": ""NICSP 03"", ""norma_titulo"": ""POLÍTICAS CONTABLES, CAMBIOS EN LAS ESTIMACIONES CONTABLES Y ERRORES"", ""version_corte"": ""31-01-2025"", ""idioma"": ""es"", ""seccion"": ""Políticas contables"", ""subseccion"": ""Congruencia de políticas contables"", ""parrafo_ini"": 16, ""parrafo_fin"": 16, ""page_ini_pdf"": 8, ""page_fin_pdf"": 8, ""content_type"": ""paragraph"", ""qa_scope"": ""normativo"", ""source_file"": ""NICSP 03.pdf""}"
NICSP 03-P0017,NICSP,NICSP 03,"POLÍTICAS CONTABLES, CAMBIOS EN LAS ESTIMACIONES CONTABLES Y ERRORES",31-01-2025,es,Políticas contables,Cambios en políticas contables,17,17,8,8,paragraph,"Una entidad cambiará una política contable sólo si tal cambio: (a) se requiere por una NICSP; o (b) hace que los estados financieros suministren información más fiable y relevante sobre los efectos de las transacciones, otros eventos y condiciones en la situación financiera, el rendimiento financiero o los flujos de efectivo de la entidad.","NICSP 03 — POLÍTICAS CONTABLES, CAMBIOS EN LAS ESTIMACIONES CONTABLES Y ERRORES — Políticas contables / Cambios en políticas contables — párr. 17 — p. 8",NICSP 03.pdf,"{""chunk_id"": ""NICSP 03-P0017"", ""doc_set"": ""NICSP"", ""norma_id"": ""NICSP 03"", ""norma_titulo"": ""POLÍTICAS CONTABLES, CAMBIOS EN LAS ESTIMACIONES CONTABLES Y ERRORES"", ""version_corte"": ""31-01-2025"", ""idioma"": ""es"", ""seccion"": ""Políticas contables"", ""subseccion"": ""Cambios en políticas contables"", ""parrafo_ini"": 17, ""parrafo_fin"": 17, ""page_ini_pdf"": 8, ""page_fin_pdf"": 8, ""content_type"": ""paragraph"", ""qa_scope"": ""normativo"", ""source_file"": ""NICSP 03.pdf""}"
NICSP 03-P0018,NICSP,NICSP 03,"POLÍTICAS CONTABLES, CAMBIOS EN LAS ESTIMACIONES CONTABLES Y ERRORES",31-01-2025,es,Políticas contables,Cambios en políticas contables,18,18,8,8,paragraph,"Los usuarios de los es tados financ ieros neces itan s er c apac es de c omparar los es tados financ ieros de una entidad a lo largo del tiempo, a fin de identific ar tendenc ias en su s ituac ión financ iera, rendimiento y flujos de efectiv o. En consecuenc ia, se aplic a rán las mis mas políticas c ontables dentro de cada periodo, as í c omo de un periodo a otro, exc epto s i un c ambio de polític a c ontable cumple uno de los criterios del párrafo 17.","NICSP 03 — POLÍTICAS CONTABLES, CAMBIOS EN LAS ESTIMACIONES CONTABLES Y ERRORES — Políticas contables / Cambios en políticas contables — párr. 18 — p. 8",NICSP 03.pdf,"{""chunk_id"": ""NICSP 03-P0018"", ""doc_set"": ""NICSP"", ""norma_id"": ""NICSP 03"", ""norma_titulo"": ""POLÍTICAS CONTABLES, CAMBIOS EN LAS ESTIMACIONES CONTABLES Y ERRORES"", ""version_corte"": ""31-01-2025"", ""idioma"": ""es"", ""seccion"": ""Políticas contables"", ""subseccion"": ""Cambios en políticas contables"", ""parrafo_ini"": 18, ""parrafo_fin"": 18, ""page_ini_pdf"": 8, ""page_fin_pdf"": 8, ""content_type"": ""paragraph"", ""qa_scope"": ""normativo"", ""source_file"": ""NICSP 03.pdf""}"
NICSP 03-P0019,NICSP,NICSP 03,"POLÍTICAS CONTABLES, CAMBIOS EN LAS ESTIMACIONES CONTABLES Y ERRORES",31-01-2025,es,Políticas contables,Cambios en políticas contables,19,19,8,9,paragraph,Un cambio de una base contable a otra base contable es un cambio de política contable.,"NICSP 03 — POLÍTICAS CONTABLES, CAMBIOS EN LAS ESTIMACIONES CONTABLES Y ERRORES — Políticas contables / Cambios en políticas contables — párr. 19 — p. 8-9",NICSP 03.pdf,"{""chunk_id"": ""NICSP 03-P0019"", ""doc_set"": ""NICSP"", ""norma_id"": ""NICSP 03"", ""norma_titulo"": ""POLÍTICAS CONTABLES, CAMBIOS EN LAS ESTIMACIONES CONTABLES Y ERRORES"", ""version_corte"": ""31-01-2025"", ""idioma"": ""es"", ""seccion"": ""Políticas contables"", ""subseccion"": ""Cambios en políticas contables"", ""parrafo_ini"": 19, ""parrafo_fin"": 19, ""page_ini_pdf"": 8, ""page_fin_pdf"": 9, ""content_type"": ""paragraph"", ""qa_scope"": ""normativo"", ""source_file"": ""NICSP 03.pdf""}"
NICSP 03-P0020,NICSP,NICSP 03,"POLÍTICAS CONTABLES, CAMBIOS EN LAS ESTIMACIONES CONTABLES Y ERRORES",31-01-2025,es,Políticas contables,Cambios en políticas contables,20,20,9,9,paragraph,"Un cambio en el tratamiento contable, reconocimiento o medición de una transacción, evento o condición dentro de una base contable se considera un cambio de política contable.","NICSP 03 — POLÍTICAS CONTABLES, CAMBIOS EN LAS ESTIMACIONES CONTABLES Y ERRORES — Políticas contables / Cambios en políticas contables — párr. 20 — p. 9",NICSP 03.pdf,"{""chunk_id"": ""NICSP 03-P0020"", ""doc_set"": ""NICSP"", ""norma_id"": ""NICSP 03"", ""norma_titulo"": ""POLÍTICAS CONTABLES, CAMBIOS EN LAS ESTIMACIONES CONTABLES Y ERRORES"", ""version_corte"": ""31-01-2025"", ""idioma"": ""es"", ""seccion"": ""Políticas contables"", ""subseccion"": ""Cambios en políticas contables"", ""parrafo_ini"": 20, ""parrafo_fin"": 20, ""page_ini_pdf"": 9, ""page_fin_pdf"": 9, ""content_type"": ""paragraph"", ""qa_scope"": ""normativo"", ""source_file"": ""NICSP 03.pdf""}"
NICSP 03-P0021,NICSP,NICSP 03,"POLÍTICAS CONTABLES, CAMBIOS EN LAS ESTIMACIONES CONTABLES Y ERRORES",31-01-2025,es,Políticas contables,Cambios en políticas contables,21,21,9,9,paragraph,"Las siguientes situaciones no constituyen cambios en políticas contables: (a) la aplicación de una política contable para transacciones, otros eventos o condiciones que difieren sustancialmente de aquéllos que han ocurrido previamente; y (b) la aplicación de una nueva política contable para transacciones, otros eventos o condiciones que no han ocurrido anteriormente o que, de ocurrir, no fueron significativos.","NICSP 03 — POLÍTICAS CONTABLES, CAMBIOS EN LAS ESTIMACIONES CONTABLES Y ERRORES — Políticas contables / Cambios en políticas contables — párr. 21 — p. 9",NICSP 03.pdf,"{""chunk_id"": ""NICSP 03-P0021"", ""doc_set"": ""NICSP"", ""norma_id"": ""NICSP 03"", ""norma_titulo"": ""POLÍTICAS CONTABLES, CAMBIOS EN LAS ESTIMACIONES CONTABLES Y ERRORES"", ""version_corte"": ""31-01-2025"", ""idioma"": ""es"", ""seccion"": ""Políticas contables"", ""subseccion"": ""Cambios en políticas contables"", ""parrafo_ini"": 21, ""parrafo_fin"": 21, ""page_ini_pdf"": 9, ""page_fin_pdf"": 9, ""content_type"": ""paragraph"", ""qa_scope"": ""normativo"", ""source_file"": ""NICSP 03.pdf""}"
NICSP 03-P0022,NICSP,NICSP 03,"POLÍTICAS CONTABLES, CAMBIOS EN LAS ESTIMACIONES CONTABLES Y ERRORES",31-01-2025,es,Políticas contables,Cambios en políticas contables,22,22,9,9,paragraph,"La aplicación por primera vez de una política que consista en la revaluación de activos, de acuerdo con la NICSP 31 Activos Intangibles o la NICSP 45 Propiedades, Planta y Equipo es un cambio de política contable que ha de ser tratado como una revaluación, de acuerdo con la NICSP 31 o la NICSP 45, en lugar de aplicar las disposiciones contenidas en esta Norma.","NICSP 03 — POLÍTICAS CONTABLES, CAMBIOS EN LAS ESTIMACIONES CONTABLES Y ERRORES — Políticas contables / Cambios en políticas contables — párr. 22 — p. 9",NICSP 03.pdf,"{""chunk_id"": ""NICSP 03-P0022"", ""doc_set"": ""NICSP"", ""norma_id"": ""NICSP 03"", ""norma_titulo"": ""POLÍTICAS CONTABLES, CAMBIOS EN LAS ESTIMACIONES CONTABLES Y ERRORES"", ""version_corte"": ""31-01-2025"", ""idioma"": ""es"", ""seccion"": ""Políticas contables"", ""subseccion"": ""Cambios en políticas contables"", ""parrafo_ini"": 22, ""parrafo_fin"": 22, ""page_ini_pdf"": 9, ""page_fin_pdf"": 9, ""content_type"": ""paragraph"", ""qa_scope"": ""normativo"", ""source_file"": ""NICSP 03.pdf""}"
NICSP 03-P0023,NICSP,NICSP 03,"POLÍTICAS CONTABLES, CAMBIOS EN LAS ESTIMACIONES CONTABLES Y ERRORES",31-01-2025,es,Políticas contables,Cambios en políticas contables,23,23,9,9,paragraph,Los párrafos 24 a 36 no s erán de aplicac ión al c ambio en la política c ontable descrito en el párrafo 22. Aplic ac ión de c ambios en polític as c ontables,"NICSP 03 — POLÍTICAS CONTABLES, CAMBIOS EN LAS ESTIMACIONES CONTABLES Y ERRORES — Políticas contables / Cambios en políticas contables — párr. 23 — p. 9",NICSP 03.pdf,"{""chunk_id"": ""NICSP 03-P0023"", ""doc_set"": ""NICSP"", ""norma_id"": ""NICSP 03"", ""norma_titulo"": ""POLÍTICAS CONTABLES, CAMBIOS EN LAS ESTIMACIONES CONTABLES Y ERRORES"", ""version_corte"": ""31-01-2025"", ""idioma"": ""es"", ""seccion"": ""Políticas contables"", ""subseccion"": ""Cambios en políticas contables"", ""parrafo_ini"": 23, ""parrafo_fin"": 23, ""page_ini_pdf"": 9, ""page_fin_pdf"": 9, ""content_type"": ""paragraph"", ""qa_scope"": ""normativo"", ""source_file"": ""NICSP 03.pdf""}"
NICSP 03-P0024,NICSP,NICSP 03,"POLÍTICAS CONTABLES, CAMBIOS EN LAS ESTIMACIONES CONTABLES Y ERRORES",31-01-2025,es,Políticas contables,Aplicación de cambios en políticas contables,24,24,9,9,paragraph,"Conforme al párrafo 28: (a) una entidad contabiliz ará un cambio en una política contable derivado de la aplicación inicial de una NICSP, de acuerdo con las disposiciones transitorias específicas de tal Norma, si las hubiere; y (b) cuando una entidad cambie una política contable, ya sea por la aplicación inicial de una NICSP que no incluya disposición transitoria específica aplicable a tal cambio, o porque haya decidido cambiarla de forma voluntaria, aplicará dicho cambio retroactiva mente.","NICSP 03 — POLÍTICAS CONTABLES, CAMBIOS EN LAS ESTIMACIONES CONTABLES Y ERRORES — Políticas contables / Aplicación de cambios en políticas contables — párr. 24 — p. 9",NICSP 03.pdf,"{""chunk_id"": ""NICSP 03-P0024"", ""doc_set"": ""NICSP"", ""norma_id"": ""NICSP 03"", ""norma_titulo"": ""POLÍTICAS CONTABLES, CAMBIOS EN LAS ESTIMACIONES CONTABLES Y ERRORES"", ""version_corte"": ""31-01-2025"", ""idioma"": ""es"", ""seccion"": ""Políticas contables"", ""subseccion"": ""Aplicación de cambios en políticas contables"", ""parrafo_ini"": 24, ""parrafo_fin"": 24, ""page_ini_pdf"": 9, ""page_fin_pdf"": 9, ""content_type"": ""paragraph"", ""qa_scope"": ""normativo"", ""source_file"": ""NICSP 03.pdf""}"
NICSP 03-P0025,NICSP,NICSP 03,"POLÍTICAS CONTABLES, CAMBIOS EN LAS ESTIMACIONES CONTABLES Y ERRORES",31-01-2025,es,Políticas contables,Aplicación de cambios en políticas contables,25,25,9,9,paragraph,"Para los propós itos de esta Norma, la aplicac ión antic ipada de una Norma no s e c ons idera un c ambio v oluntario en una política contable.","NICSP 03 — POLÍTICAS CONTABLES, CAMBIOS EN LAS ESTIMACIONES CONTABLES Y ERRORES — Políticas contables / Aplicación de cambios en políticas contables — párr. 25 — p. 9",NICSP 03.pdf,"{""chunk_id"": ""NICSP 03-P0025"", ""doc_set"": ""NICSP"", ""norma_id"": ""NICSP 03"", ""norma_titulo"": ""POLÍTICAS CONTABLES, CAMBIOS EN LAS ESTIMACIONES CONTABLES Y ERRORES"", ""version_corte"": ""31-01-2025"", ""idioma"": ""es"", ""seccion"": ""Políticas contables"", ""subseccion"": ""Aplicación de cambios en políticas contables"", ""parrafo_ini"": 25, ""parrafo_fin"": 25, ""page_ini_pdf"": 9, ""page_fin_pdf"": 9, ""content_type"": ""paragraph"", ""qa_scope"": ""normativo"", ""source_file"": ""NICSP 03.pdf""}"
NICSP 03-P0026,NICSP,NICSP 03,"POLÍTICAS CONTABLES, CAMBIOS EN LAS ESTIMACIONES CONTABLES Y ERRORES",31-01-2025,es,Políticas contables,Aplicación de cambios en políticas contables,26,26,9,9,paragraph,"En aus enc ia de una NICSP que espec íficamente s e aplique a una trans acc ión, otro evento o c ondic ión, la gerenc ia puede, de acuerdo con el párrafo 15, aplicar una política contable procedente de (a) los pronunc iamientos más rec ientes de otras ins tituciones e mis oras de normas y (b) prác tic as ac eptadas del s ec tor público o priv ado, pero s olo en la medida que és tas s ean c ongruentes con el párrafo 15. Ejemplos de tales pronunciamientos incluy en los pronunc iamientos del IASB, inc luyendo el Marc o Conc eptual para la Preparac ión y Presentac ión de Es tados Financ ieros , las NIIF e Interpretac iones emitidas por el IFRIC o el anterior SIC. Si, s iguiendo una modificac ión de tal pronunciamiento, la entidad optase por el c ambio de una polític a c ontable, ese c ambio s e c ontabiliz ará, y s e rev elará c omo un c ambio v oluntario de una política c ontable. Aplicación retroactiva","NICSP 03 — POLÍTICAS CONTABLES, CAMBIOS EN LAS ESTIMACIONES CONTABLES Y ERRORES — Políticas contables / Aplicación de cambios en políticas contables — párr. 26 — p. 9",NICSP 03.pdf,"{""chunk_id"": ""NICSP 03-P0026"", ""doc_set"": ""NICSP"", ""norma_id"": ""NICSP 03"", ""norma_titulo"": ""POLÍTICAS CONTABLES, CAMBIOS EN LAS ESTIMACIONES CONTABLES Y ERRORES"", ""version_corte"": ""31-01-2025"", ""idioma"": ""es"", ""seccion"": ""Políticas contables"", ""subseccion"": ""Aplicación de cambios en políticas contables"", ""parrafo_ini"": 26, ""parrafo_fin"": 26, ""page_ini_pdf"": 9, ""page_fin_pdf"": 9, ""content_type"": ""paragraph"", ""qa_scope"": ""normativo"", ""source_file"": ""NICSP 03.pdf""}"
NICSP 03-P0027,NICSP,NICSP 03,"POLÍTICAS CONTABLES, CAMBIOS EN LAS ESTIMACIONES CONTABLES Y ERRORES",31-01-2025,es,Políticas contables,Aplicación retroactiva,27,27,9,9,paragraph,"Conforme al párrafo 28, cuando un cambio en una política contable se aplique retroactivamente de acuerdo con el párrafo 24(a) o (b), la entidad ajustará los saldos iniciales de cada componente afectado de los activos netos/patrimonio para el periodo anteri ormás antiguo sobre el que se presente información, y los demás importes comparativos para cada periodo anterior presentado, como si la nueva política contable se hubiese estado aplicando siempre. Limitaciones a la aplicación retroactiva","NICSP 03 — POLÍTICAS CONTABLES, CAMBIOS EN LAS ESTIMACIONES CONTABLES Y ERRORES — Políticas contables / Aplicación retroactiva — párr. 27 — p. 9",NICSP 03.pdf,"{""chunk_id"": ""NICSP 03-P0027"", ""doc_set"": ""NICSP"", ""norma_id"": ""NICSP 03"", ""norma_titulo"": ""POLÍTICAS CONTABLES, CAMBIOS EN LAS ESTIMACIONES CONTABLES Y ERRORES"", ""version_corte"": ""31-01-2025"", ""idioma"": ""es"", ""seccion"": ""Políticas contables"", ""subseccion"": ""Aplicación retroactiva"", ""parrafo_ini"": 27, ""parrafo_fin"": 27, ""page_ini_pdf"": 9, ""page_fin_pdf"": 9, ""content_type"": ""paragraph"", ""qa_scope"": ""normativo"", ""source_file"": ""NICSP 03.pdf""}"
NICSP 03-P0028,NICSP,NICSP 03,"POLÍTICAS CONTABLES, CAMBIOS EN LAS ESTIMACIONES CONTABLES Y ERRORES",31-01-2025,es,Políticas contables,Limitaciones a la aplicación retroactiva,28,28,9,10,paragraph,"Cuando sea obligatoria la aplicación retroactiva en función de lo establecido en el párrafo 24(a) o (b), el cambio en la política contable se aplicará retroactivamente, excepto en la medida en que fuera impracticable determinar los efectos del cambio en ca da periodo específico o el efecto acumulado del cambio.","NICSP 03 — POLÍTICAS CONTABLES, CAMBIOS EN LAS ESTIMACIONES CONTABLES Y ERRORES — Políticas contables / Limitaciones a la aplicación retroactiva — párr. 28 — p. 9-10",NICSP 03.pdf,"{""chunk_id"": ""NICSP 03-P0028"", ""doc_set"": ""NICSP"", ""norma_id"": ""NICSP 03"", ""norma_titulo"": ""POLÍTICAS CONTABLES, CAMBIOS EN LAS ESTIMACIONES CONTABLES Y ERRORES"", ""version_corte"": ""31-01-2025"", ""idioma"": ""es"", ""seccion"": ""Políticas contables"", ""subseccion"": ""Limitaciones a la aplicación retroactiva"", ""parrafo_ini"": 28, ""parrafo_fin"": 28, ""page_ini_pdf"": 9, ""page_fin_pdf"": 10, ""content_type"": ""paragraph"", ""qa_scope"": ""normativo"", ""source_file"": ""NICSP 03.pdf""}"
NICSP 03-P0029,NICSP,NICSP 03,"POLÍTICAS CONTABLES, CAMBIOS EN LAS ESTIMACIONES CONTABLES Y ERRORES",31-01-2025,es,Políticas contables,Limitaciones a la aplicación retroactiva,29,29,10,10,paragraph,"Cuando sea impracticable determinar los efectos que se derivan, en cada periodo específico, del cambio de una política contable en la información comparativa en uno o más periodos anteriores para los que se presente información, la entidad aplicará la nuev a política contable a los importes en libros de los activos y pasivos al principio del primer periodo para el que la aplicación retroactiva sea practicable, que podría ser el periodo corriente, y efectuará el correspondiente ajuste a los saldos iniciales d e cada componente afectado de los activos netos/patrimonio para ese periodo.","NICSP 03 — POLÍTICAS CONTABLES, CAMBIOS EN LAS ESTIMACIONES CONTABLES Y ERRORES — Políticas contables / Limitaciones a la aplicación retroactiva — párr. 29 — p. 10",NICSP 03.pdf,"{""chunk_id"": ""NICSP 03-P0029"", ""doc_set"": ""NICSP"", ""norma_id"": ""NICSP 03"", ""norma_titulo"": ""POLÍTICAS CONTABLES, CAMBIOS EN LAS ESTIMACIONES CONTABLES Y ERRORES"", ""version_corte"": ""31-01-2025"", ""idioma"": ""es"", ""seccion"": ""Políticas contables"", ""subseccion"": ""Limitaciones a la aplicación retroactiva"", ""parrafo_ini"": 29, ""parrafo_fin"": 29, ""page_ini_pdf"": 10, ""page_fin_pdf"": 10, ""content_type"": ""paragraph"", ""qa_scope"": ""normativo"", ""source_file"": ""NICSP 03.pdf""}"
NICSP 03-P0030,NICSP,NICSP 03,"POLÍTICAS CONTABLES, CAMBIOS EN LAS ESTIMACIONES CONTABLES Y ERRORES",31-01-2025,es,Políticas contables,Limitaciones a la aplicación retroactiva,30,30,10,10,paragraph,"Cuando sea impracticable determinar el efecto acumulado, al principio del periodo corriente, por la aplicación de una nueva política contable a todos los periodos anteriores, la entidad ajustará la información comparativa aplicando la nueva política contab le de forma prospectiva, desde la primera fecha en que sea practicable hacerlo.","NICSP 03 — POLÍTICAS CONTABLES, CAMBIOS EN LAS ESTIMACIONES CONTABLES Y ERRORES — Políticas contables / Limitaciones a la aplicación retroactiva — párr. 30 — p. 10",NICSP 03.pdf,"{""chunk_id"": ""NICSP 03-P0030"", ""doc_set"": ""NICSP"", ""norma_id"": ""NICSP 03"", ""norma_titulo"": ""POLÍTICAS CONTABLES, CAMBIOS EN LAS ESTIMACIONES CONTABLES Y ERRORES"", ""version_corte"": ""31-01-2025"", ""idioma"": ""es"", ""seccion"": ""Políticas contables"", ""subseccion"": ""Limitaciones a la aplicación retroactiva"", ""parrafo_ini"": 30, ""parrafo_fin"": 30, ""page_ini_pdf"": 10, ""page_fin_pdf"": 10, ""content_type"": ""paragraph"", ""qa_scope"": ""normativo"", ""source_file"": ""NICSP 03.pdf""}"
NICSP 03-P0031,NICSP,NICSP 03,"POLÍTICAS CONTABLES, CAMBIOS EN LAS ESTIMACIONES CONTABLES Y ERRORES",31-01-2025,es,Políticas contables,Limitaciones a la aplicación retroactiva,31,31,10,10,paragraph,"Cuando una entidad aplique una nueva polític a contable retroac tiv amente, la aplic ará a la informac ión c omparativ a de periodos anteriores , retrotrayéndose en el tiempo tanto c omo s ea prac tic able. La aplic ac ión retroac tiv a a un periodo anterior no s erá prac t ic able a menos que sea pos ible determinar el efec to acumulado tanto s obre los s aldos de apertura c omo s obre los de c ierre del es tado de s ituac ión financ iera c orres pondiente a ese periodo. El importe del ajus te res ultante, referido a periodos prev ios a los pres entados en los es tados financieros , se efectuará contra los saldos iniciales de c ada componente afec tado de los ac tivos netos /patrimonio del periodo anterior más antiguo s obre el que s e pres ente informac ión. Normalmente, el ajuste se hace en res ultados (ahorro o des ahorro) ac umulados . Sin embargo, los ajus tes pueden hac ers e c ontra otro componente del ac tivos netos /patrimonio (por ejemplo, para cumplir c on una NICSP). Cualquier otra informac ión sobre periodos anteriores , tal c omo res úmenes his tóric os de datos financ ieros , será as imis mo objeto de ajus te, retrotrayéndos e en el tiempo tanto como s ea prac tic able.","NICSP 03 — POLÍTICAS CONTABLES, CAMBIOS EN LAS ESTIMACIONES CONTABLES Y ERRORES — Políticas contables / Limitaciones a la aplicación retroactiva — párr. 31 — p. 10",NICSP 03.pdf,"{""chunk_id"": ""NICSP 03-P0031"", ""doc_set"": ""NICSP"", ""norma_id"": ""NICSP 03"", ""norma_titulo"": ""POLÍTICAS CONTABLES, CAMBIOS EN LAS ESTIMACIONES CONTABLES Y ERRORES"", ""version_corte"": ""31-01-2025"", ""idioma"": ""es"", ""seccion"": ""Políticas contables"", ""subseccion"": ""Limitaciones a la aplicación retroactiva"", ""parrafo_ini"": 31, ""parrafo_fin"": 31, ""page_ini_pdf"": 10, ""page_fin_pdf"": 10, ""content_type"": ""paragraph"", ""qa_scope"": ""normativo"", ""source_file"": ""NICSP 03.pdf""}"
NICSP 03-P0032,NICSP,NICSP 03,"POLÍTICAS CONTABLES, CAMBIOS EN LAS ESTIMACIONES CONTABLES Y ERRORES",31-01-2025,es,Políticas contables,Limitaciones a la aplicación retroactiva,32,32,10,10,paragraph,"Cuando s ea impracticable para la entidad aplicar una nuev a política c ontable retroac tiv amente, debido a que no pueda determinar el efec to acumulado de la aplicac ión de la polític a para todos los periodos anteriores , la entidad, de ac uerdo c on el párrafo 30 , aplic ará la nueva polític a c ontable de forma prospec tiv a des de el inic io del periodo más antiguo que s ea prac tic able. En c ons ec uencia, se ignorará la porc ión del ajus te ac umulado en los ac tivos , pas iv os y activ os netos /patrimonio s urgido antes de es a fec ha. Se permitirá un c ambio de polític a c ontable, inc luso s i fuera imprac tic able la aplicac ión de dicha polític a de forma pros pec tiv a para algún periodo anterior. Los párrafos 55 a 58 s uminis tran guías s obre cuándo resulta imprac tic able aplicar una nueva po lític a c ontable a uno o más periodos anteriores . Informac ión a revelar","NICSP 03 — POLÍTICAS CONTABLES, CAMBIOS EN LAS ESTIMACIONES CONTABLES Y ERRORES — Políticas contables / Limitaciones a la aplicación retroactiva — párr. 32 — p. 10",NICSP 03.pdf,"{""chunk_id"": ""NICSP 03-P0032"", ""doc_set"": ""NICSP"", ""norma_id"": ""NICSP 03"", ""norma_titulo"": ""POLÍTICAS CONTABLES, CAMBIOS EN LAS ESTIMACIONES CONTABLES Y ERRORES"", ""version_corte"": ""31-01-2025"", ""idioma"": ""es"", ""seccion"": ""Políticas contables"", ""subseccion"": ""Limitaciones a la aplicación retroactiva"", ""parrafo_ini"": 32, ""parrafo_fin"": 32, ""page_ini_pdf"": 10, ""page_fin_pdf"": 10, ""content_type"": ""paragraph"", ""qa_scope"": ""normativo"", ""source_file"": ""NICSP 03.pdf""}"
NICSP 03-P0033,NICSP,NICSP 03,"POLÍTICAS CONTABLES, CAMBIOS EN LAS ESTIMACIONES CONTABLES Y ERRORES",31-01-2025,es,Políticas contables,Información a revelar,33,33,10,11,paragraph,"Cuando la aplicación por primera vez de una NICSP (a) tenga efecto en el periodo corriente o en alguno anterior, (b) tuviera tal efecto, salvo que fuera impracticable determinar el importe del ajuste, o (c) pudiera tener un efecto sobre periodos futuros, u na entidad revelará: (a) el título de la Norma; (b) en su caso, que el cambio en la política contable se ha efectuadode acuerdo con sus disposiciones transitorias; (c) la naturalez a del cambio en la política contable; (d) en su caso, una descripción de las disposiciones transitorias; (e) en su caso, las disposiciones transitorias que podrían tener un efecto en periodos futuros; (f) para el periodo corriente y para cada periodo anterior presentado, en la medida en que sea practicable, el importe del ajuste para cada partida de los estados financieros que se vea afectada; (g) el importe del ajuste relativo a periodos anteriores a los presentados, en la medida en que sea practicable; y (h) si la aplicación retroactiva, exigida por los apartados 24(a) o (b), fuera impracticable para un periodo anterior en particular, o para periodos anteriores a los presentados, las circunstancias que conducen a la existencia de esa situación y una descripció n de cómo y desde cuándo se ha aplicado el cambio en la política contable. No es necesario repetir esta información a revelar en los estados financieros de periodos posteriores.","NICSP 03 — POLÍTICAS CONTABLES, CAMBIOS EN LAS ESTIMACIONES CONTABLES Y ERRORES — Políticas contables / Información a revelar — párr. 33 — p. 10-11",NICSP 03.pdf,"{""chunk_id"": ""NICSP 03-P0033"", ""doc_set"": ""NICSP"", ""norma_id"": ""NICSP 03"", ""norma_titulo"": ""POLÍTICAS CONTABLES, CAMBIOS EN LAS ESTIMACIONES CONTABLES Y ERRORES"", ""version_corte"": ""31-01-2025"", ""idioma"": ""es"", ""seccion"": ""Políticas contables"", ""subseccion"": ""Información a revelar"", ""parrafo_ini"": 33, ""parrafo_fin"": 33, ""page_ini_pdf"": 10, ""page_fin_pdf"": 11, ""content_type"": ""paragraph"", ""qa_scope"": ""normativo"", ""source_file"": ""NICSP 03.pdf""}"
NICSP 03-P0034,NICSP,NICSP 03,"POLÍTICAS CONTABLES, CAMBIOS EN LAS ESTIMACIONES CONTABLES Y ERRORES",31-01-2025,es,Políticas contables,Información a revelar,34,34,11,11,paragraph,"Cuando un cambio voluntario en una política contable (a) tenga efecto en el periodo corriente o en algún periodo anterior, (b) tuviera efecto en ese periodo si no fuera impracticable determinar el importe del ajuste, o (c) pudiera tener un efecto en period os futuros, la entidad revelará: (a) la naturalez a del cambio en la política contable; (b) las raz ones por las que la aplicación de la nueva política contable suministra información más fiable y relevante; (c) para el periodo corriente y para cada periodo anterior presentado, en la medida en que sea practicable, el importe del ajuste para cada partida de los estados financieros que se vea afectada; (d) el importe del ajuste relativo a periodos anteriores a los presentados, en la medida en que sea practicable; y (e) si la aplicación retroactiva fuera impracticable para un periodo anterior en particular, o para periodos anteriores a los presentados, las circunstancias que conducen a esa situación, junto con una descripción de cómo y desde cuándo se ha aplicado el cambi o en la política contable. No es necesario repetir esta información a revelar en los estados financieros de periodos posteriores.","NICSP 03 — POLÍTICAS CONTABLES, CAMBIOS EN LAS ESTIMACIONES CONTABLES Y ERRORES — Políticas contables / Información a revelar — párr. 34 — p. 11",NICSP 03.pdf,"{""chunk_id"": ""NICSP 03-P0034"", ""doc_set"": ""NICSP"", ""norma_id"": ""NICSP 03"", ""norma_titulo"": ""POLÍTICAS CONTABLES, CAMBIOS EN LAS ESTIMACIONES CONTABLES Y ERRORES"", ""version_corte"": ""31-01-2025"", ""idioma"": ""es"", ""seccion"": ""Políticas contables"", ""subseccion"": ""Información a revelar"", ""parrafo_ini"": 34, ""parrafo_fin"": 34, ""page_ini_pdf"": 11, ""page_fin_pdf"": 11, ""content_type"": ""paragraph"", ""qa_scope"": ""normativo"", ""source_file"": ""NICSP 03.pdf""}"
NICSP 03-P0035,NICSP,NICSP 03,"POLÍTICAS CONTABLES, CAMBIOS EN LAS ESTIMACIONES CONTABLES Y ERRORES",31-01-2025,es,Políticas contables,Información a revelar,35,35,11,11,paragraph,"Cuando una entidad no haya aplicado una nueva NICSP que habiendo sido emitida todavía no ha entrado en vigor, la entidad deberá revelar: (a) este hecho; y (b) información relevante, conocida o raz onablemente estimable, para evaluar el posible impacto que la aplicación de la nueva Norma tendría sobre los estados financieros de la entidad en el periodo de aplicación inicial.","NICSP 03 — POLÍTICAS CONTABLES, CAMBIOS EN LAS ESTIMACIONES CONTABLES Y ERRORES — Políticas contables / Información a revelar — párr. 35 — p. 11",NICSP 03.pdf,"{""chunk_id"": ""NICSP 03-P0035"", ""doc_set"": ""NICSP"", ""norma_id"": ""NICSP 03"", ""norma_titulo"": ""POLÍTICAS CONTABLES, CAMBIOS EN LAS ESTIMACIONES CONTABLES Y ERRORES"", ""version_corte"": ""31-01-2025"", ""idioma"": ""es"", ""seccion"": ""Políticas contables"", ""subseccion"": ""Información a revelar"", ""parrafo_ini"": 35, ""parrafo_fin"": 35, ""page_ini_pdf"": 11, ""page_fin_pdf"": 11, ""content_type"": ""paragraph"", ""qa_scope"": ""normativo"", ""source_file"": ""NICSP 03.pdf""}"
NICSP 03-P0036,NICSP,NICSP 03,"POLÍTICAS CONTABLES, CAMBIOS EN LAS ESTIMACIONES CONTABLES Y ERRORES",31-01-2025,es,Políticas contables,Información a revelar,36,36,11,12,paragraph,"Para cumplir con el párrafo 35, la entidad revelará: (a) El título de la nueva NICSP; (b) la naturaleza del c ambio o c ambios inminentes en la polític a contable; (c) la fec ha en la c ual es obligatoria la aplicac ión de la Norma; (d) la fec ha a partir de la que es tá prev is to aplic ar la Norma por primera v ez; y (e) Indistintamente: (i) una explicac ión del impacto es perado, derivado de la aplic ac ión inic ial de la Norma, en los es tados financ ieros de la entidad; o (ii) s i el impac to fuera desc onoc ido o no pudiera s er es timado razonablemente, una dec larac ión al efec to. Cam bi os en est i m aciones cont abl es","NICSP 03 — POLÍTICAS CONTABLES, CAMBIOS EN LAS ESTIMACIONES CONTABLES Y ERRORES — Políticas contables / Información a revelar — párr. 36 — p. 11-12",NICSP 03.pdf,"{""chunk_id"": ""NICSP 03-P0036"", ""doc_set"": ""NICSP"", ""norma_id"": ""NICSP 03"", ""norma_titulo"": ""POLÍTICAS CONTABLES, CAMBIOS EN LAS ESTIMACIONES CONTABLES Y ERRORES"", ""version_corte"": ""31-01-2025"", ""idioma"": ""es"", ""seccion"": ""Políticas contables"", ""subseccion"": ""Información a revelar"", ""parrafo_ini"": 36, ""parrafo_fin"": 36, ""page_ini_pdf"": 11, ""page_fin_pdf"": 12, ""content_type"": ""paragraph"", ""qa_scope"": ""normativo"", ""source_file"": ""NICSP 03.pdf""}"
NICSP 03-P0037,NICSP,NICSP 03,"POLÍTICAS CONTABLES, CAMBIOS EN LAS ESTIMACIONES CONTABLES Y ERRORES",31-01-2025,es,Cambios en estimaciones contables,,37,37,12,12,paragraph,"Como res ultado de las incertidumbres inherentes a la pres tac ión de serv ic ios , realiz ac ión de ac tiv idades c omerc iales , u otro tipo de ac tiv idades , muc has de las partidas de los es tados financ ieros no pueden s er medidas c on prec is ión, s ino s ólo a través de e s timac iones . El proc es o de es timac ión implica la utiliz ac ión de juic ios profes ionales bas ados en la informac ión fiable dis ponible más rec iente. Por ejemplo, podrían requerirse estimaciones de: (a) ingres os fisc ales adeudados al gobierno; (b) deudas sobre tributos de dudoso cobro; (c) la obsolescenc ia de los inventarios ; (d) el v alor raz onable de ac tivos o pasiv os financieros ; (e) las vidas útiles o patrones previs ibles de c onsumo de los beneficios ec onómicos futuros o potenc ial de serv ic io inc orporado en los ac tiv os depreciables , os obreel porc entajede terminac ión de la c arretera en c onstrucc ión; y (f) las obligac iones por garantías c oncedidas .","NICSP 03 — POLÍTICAS CONTABLES, CAMBIOS EN LAS ESTIMACIONES CONTABLES Y ERRORES — Cambios en estimaciones contables — párr. 37 — p. 12",NICSP 03.pdf,"{""chunk_id"": ""NICSP 03-P0037"", ""doc_set"": ""NICSP"", ""norma_id"": ""NICSP 03"", ""norma_titulo"": ""POLÍTICAS CONTABLES, CAMBIOS EN LAS ESTIMACIONES CONTABLES Y ERRORES"", ""version_corte"": ""31-01-2025"", ""idioma"": ""es"", ""seccion"": ""Cambios en estimaciones contables"", ""subseccion"": null, ""parrafo_ini"": 37, ""parrafo_fin"": 37, ""page_ini_pdf"": 12, ""page_fin_pdf"": 12, ""content_type"": ""paragraph"", ""qa_scope"": ""normativo"", ""source_file"": ""NICSP 03.pdf""}"
NICSP 03-P0038,NICSP,NICSP 03,"POLÍTICAS CONTABLES, CAMBIOS EN LAS ESTIMACIONES CONTABLES Y ERRORES",31-01-2025,es,Cambios en estimaciones contables,,38,38,12,12,paragraph,La utiliz ac ión de es timac iones razonables es una parte es enc ial de la elaborac ión de los es tados financ ieros y no menoscaba su fiabilidad .,"NICSP 03 — POLÍTICAS CONTABLES, CAMBIOS EN LAS ESTIMACIONES CONTABLES Y ERRORES — Cambios en estimaciones contables — párr. 38 — p. 12",NICSP 03.pdf,"{""chunk_id"": ""NICSP 03-P0038"", ""doc_set"": ""NICSP"", ""norma_id"": ""NICSP 03"", ""norma_titulo"": ""POLÍTICAS CONTABLES, CAMBIOS EN LAS ESTIMACIONES CONTABLES Y ERRORES"", ""version_corte"": ""31-01-2025"", ""idioma"": ""es"", ""seccion"": ""Cambios en estimaciones contables"", ""subseccion"": null, ""parrafo_ini"": 38, ""parrafo_fin"": 38, ""page_ini_pdf"": 12, ""page_fin_pdf"": 12, ""content_type"": ""paragraph"", ""qa_scope"": ""normativo"", ""source_file"": ""NICSP 03.pdf""}"
NICSP 03-P0039,NICSP,NICSP 03,"POLÍTICAS CONTABLES, CAMBIOS EN LAS ESTIMACIONES CONTABLES Y ERRORES",31-01-2025,es,Cambios en estimaciones contables,,39,39,12,12,paragraph,"Puede s er nec esario rev isar una es timac ión s i s e produjes en c ambios en las c irc uns tanc ias en las que s e basó dic ha estimación, o c omo c ons ec uenc ia de nuev a informac ión o de pos eer más experienc ia. La revis ión de la es timación, por su propia naturalez a, no es tá relac ionada con periodos anteriores ni tampoco es una c orrecc ión de un error.","NICSP 03 — POLÍTICAS CONTABLES, CAMBIOS EN LAS ESTIMACIONES CONTABLES Y ERRORES — Cambios en estimaciones contables — párr. 39 — p. 12",NICSP 03.pdf,"{""chunk_id"": ""NICSP 03-P0039"", ""doc_set"": ""NICSP"", ""norma_id"": ""NICSP 03"", ""norma_titulo"": ""POLÍTICAS CONTABLES, CAMBIOS EN LAS ESTIMACIONES CONTABLES Y ERRORES"", ""version_corte"": ""31-01-2025"", ""idioma"": ""es"", ""seccion"": ""Cambios en estimaciones contables"", ""subseccion"": null, ""parrafo_ini"": 39, ""parrafo_fin"": 39, ""page_ini_pdf"": 12, ""page_fin_pdf"": 12, ""content_type"": ""paragraph"", ""qa_scope"": ""normativo"", ""source_file"": ""NICSP 03.pdf""}"
NICSP 03-P0040,NICSP,NICSP 03,"POLÍTICAS CONTABLES, CAMBIOS EN LAS ESTIMACIONES CONTABLES Y ERRORES",31-01-2025,es,Cambios en estimaciones contables,,40,40,12,12,paragraph,"Un c ambio en las bas es de medic ión aplic adas es un c ambio en una polític a contable, y no un cambio en una es timac ión contable. Cuando s ea difíc il dis tinguir entre un c ambio de polític a c ontable y un cambio en una estimación c ontable, el c ambio s e tratará c omo si fuera un c ambio en una es timación c ontable.","NICSP 03 — POLÍTICAS CONTABLES, CAMBIOS EN LAS ESTIMACIONES CONTABLES Y ERRORES — Cambios en estimaciones contables — párr. 40 — p. 12",NICSP 03.pdf,"{""chunk_id"": ""NICSP 03-P0040"", ""doc_set"": ""NICSP"", ""norma_id"": ""NICSP 03"", ""norma_titulo"": ""POLÍTICAS CONTABLES, CAMBIOS EN LAS ESTIMACIONES CONTABLES Y ERRORES"", ""version_corte"": ""31-01-2025"", ""idioma"": ""es"", ""seccion"": ""Cambios en estimaciones contables"", ""subseccion"": null, ""parrafo_ini"": 40, ""parrafo_fin"": 40, ""page_ini_pdf"": 12, ""page_fin_pdf"": 12, ""content_type"": ""paragraph"", ""qa_scope"": ""normativo"", ""source_file"": ""NICSP 03.pdf""}"
NICSP 03-P0041,NICSP,NICSP 03,"POLÍTICAS CONTABLES, CAMBIOS EN LAS ESTIMACIONES CONTABLES Y ERRORES",31-01-2025,es,Cambios en estimaciones contables,,41,41,12,12,paragraph,"El efecto de un cambio en una estimación contable, diferente de un cambio al que se aplique el párrafo 42, se reconocerá de forma prospectiva, incluyéndolo en el resultado (ahorro o desahorro) del: (a) periodo en que tiene lugar el cambio, si éste afecta únicamente al periodo; o (b) el periodo del cambio y periodos futuros, si el cambio afectase a todos ellos.","NICSP 03 — POLÍTICAS CONTABLES, CAMBIOS EN LAS ESTIMACIONES CONTABLES Y ERRORES — Cambios en estimaciones contables — párr. 41 — p. 12",NICSP 03.pdf,"{""chunk_id"": ""NICSP 03-P0041"", ""doc_set"": ""NICSP"", ""norma_id"": ""NICSP 03"", ""norma_titulo"": ""POLÍTICAS CONTABLES, CAMBIOS EN LAS ESTIMACIONES CONTABLES Y ERRORES"", ""version_corte"": ""31-01-2025"", ""idioma"": ""es"", ""seccion"": ""Cambios en estimaciones contables"", ""subseccion"": null, ""parrafo_ini"": 41, ""parrafo_fin"": 41, ""page_ini_pdf"": 12, ""page_fin_pdf"": 12, ""content_type"": ""paragraph"", ""qa_scope"": ""normativo"", ""source_file"": ""NICSP 03.pdf""}"
NICSP 03-P0042,NICSP,NICSP 03,"POLÍTICAS CONTABLES, CAMBIOS EN LAS ESTIMACIONES CONTABLES Y ERRORES",31-01-2025,es,Cambios en estimaciones contables,,42,42,12,12,paragraph,"En la medida que un cambio en una estimación contable dé lugar a cambios en activos y pasivos, o se refiera a una partida de los activos netos/patrimonio, deberá ser reconocido ajustando el valor en libros de la correspondiente partida de activo, pasivo o activos netos/patrimonio en el periodo en que tiene lugar el cambio.","NICSP 03 — POLÍTICAS CONTABLES, CAMBIOS EN LAS ESTIMACIONES CONTABLES Y ERRORES — Cambios en estimaciones contables — párr. 42 — p. 12",NICSP 03.pdf,"{""chunk_id"": ""NICSP 03-P0042"", ""doc_set"": ""NICSP"", ""norma_id"": ""NICSP 03"", ""norma_titulo"": ""POLÍTICAS CONTABLES, CAMBIOS EN LAS ESTIMACIONES CONTABLES Y ERRORES"", ""version_corte"": ""31-01-2025"", ""idioma"": ""es"", ""seccion"": ""Cambios en estimaciones contables"", ""subseccion"": null, ""parrafo_ini"": 42, ""parrafo_fin"": 42, ""page_ini_pdf"": 12, ""page_fin_pdf"": 12, ""content_type"": ""paragraph"", ""qa_scope"": ""normativo"", ""source_file"": ""NICSP 03.pdf""}"
NICSP 03-P0043,NICSP,NICSP 03,"POLÍTICAS CONTABLES, CAMBIOS EN LAS ESTIMACIONES CONTABLES Y ERRORES",31-01-2025,es,Cambios en estimaciones contables,,43,43,12,13,paragraph,"El rec onocimiento prospec tiv o del efecto de un cambio en una es timac ión contable s ignific a que el cambio s e aplic a a las transac c iones , otros ev entos y condic iones , des de la fec ha del cambio en la es timac ión. Un c ambio en una es timación contable puede afec tar s ólo al resultado (ahorro o des ahorro) del periodo c orriente, o bien al de és te y al de periodos futuros . Por ejemplo, un c ambio en la es timac ión del importe de los derec hos de dudoso c obro afec tará s olo al res ultado (ahorro o des ahorro) del periodo c o rriente y , por tanto, s e rec onocerá en es te periodo. Sin embargo, un c ambio en la v ida útil estimada de, o en el patrón de c onsumo es perado de los benefic ios económic os o potenc ial de s ervic io incorporado a, un ac tivo depreciable La información será fiable si está libre de error material o parcialidad, y los usuarios pueden confiar en que representa la imagen fiel de lo que pretende representar o puede razonablemente esperarse que repre sente. El párrafo FC16 de la NICSP 1 analiza e l enfoque transitorio para la explicación de la fiabilidad. afec tará al gas to por depreciac ión del periodo c orriente y de c ada uno de los periodos de v ida útil res tante del ac tivo. En ambos c asos , el efecto del c ambio relac ionado con el periodo c orriente s e reconoc e c omo ingres o o gasto en el periodo c orriente. El efec to, s i lo hubiera, en periodos futuros se reconoc erá en dic hos periodos . Información a revelar","NICSP 03 — POLÍTICAS CONTABLES, CAMBIOS EN LAS ESTIMACIONES CONTABLES Y ERRORES — Cambios en estimaciones contables — párr. 43 — p. 12-13",NICSP 03.pdf,"{""chunk_id"": ""NICSP 03-P0043"", ""doc_set"": ""NICSP"", ""norma_id"": ""NICSP 03"", ""norma_titulo"": ""POLÍTICAS CONTABLES, CAMBIOS EN LAS ESTIMACIONES CONTABLES Y ERRORES"", ""version_corte"": ""31-01-2025"", ""idioma"": ""es"", ""seccion"": ""Cambios en estimaciones contables"", ""subseccion"": null, ""parrafo_ini"": 43, ""parrafo_fin"": 43, ""page_ini_pdf"": 12, ""page_fin_pdf"": 13, ""content_type"": ""paragraph"", ""qa_scope"": ""normativo"", ""source_file"": ""NICSP 03.pdf""}"
NICSP 03-P0044,NICSP,NICSP 03,"POLÍTICAS CONTABLES, CAMBIOS EN LAS ESTIMACIONES CONTABLES Y ERRORES",31-01-2025,es,Cambios en estimaciones contables,Información a revelar,44,44,13,13,paragraph,"La entidad revelará la naturaleza e importe de cualquier cambio en una estimación contable que haya producido efectos en el periodo corriente, o que se espere vaya a producirlos en periodos futuros, excepto para la información a revelar sobre el efecto en periodos futuros, en el caso de que fuera impracticable estimar ese efecto.","NICSP 03 — POLÍTICAS CONTABLES, CAMBIOS EN LAS ESTIMACIONES CONTABLES Y ERRORES — Cambios en estimaciones contables / Información a revelar — párr. 44 — p. 13",NICSP 03.pdf,"{""chunk_id"": ""NICSP 03-P0044"", ""doc_set"": ""NICSP"", ""norma_id"": ""NICSP 03"", ""norma_titulo"": ""POLÍTICAS CONTABLES, CAMBIOS EN LAS ESTIMACIONES CONTABLES Y ERRORES"", ""version_corte"": ""31-01-2025"", ""idioma"": ""es"", ""seccion"": ""Cambios en estimaciones contables"", ""subseccion"": ""Información a revelar"", ""parrafo_ini"": 44, ""parrafo_fin"": 44, ""page_ini_pdf"": 13, ""page_fin_pdf"": 13, ""content_type"": ""paragraph"", ""qa_scope"": ""normativo"", ""source_file"": ""NICSP 03.pdf""}"
NICSP 03-P0045,NICSP,NICSP 03,"POLÍTICAS CONTABLES, CAMBIOS EN LAS ESTIMACIONES CONTABLES Y ERRORES",31-01-2025,es,Cambios en estimaciones contables,Información a revelar,45,45,13,13,paragraph,"Si no se revela el importe del efecto en periodos futuros debido a que la estimación es impracticable, la entidad revelará este hecho. Errores","NICSP 03 — POLÍTICAS CONTABLES, CAMBIOS EN LAS ESTIMACIONES CONTABLES Y ERRORES — Cambios en estimaciones contables / Información a revelar — párr. 45 — p. 13",NICSP 03.pdf,"{""chunk_id"": ""NICSP 03-P0045"", ""doc_set"": ""NICSP"", ""norma_id"": ""NICSP 03"", ""norma_titulo"": ""POLÍTICAS CONTABLES, CAMBIOS EN LAS ESTIMACIONES CONTABLES Y ERRORES"", ""version_corte"": ""31-01-2025"", ""idioma"": ""es"", ""seccion"": ""Cambios en estimaciones contables"", ""subseccion"": ""Información a revelar"", ""parrafo_ini"": 45, ""parrafo_fin"": 45, ""page_ini_pdf"": 13, ""page_fin_pdf"": 13, ""content_type"": ""paragraph"", ""qa_scope"": ""normativo"", ""source_file"": ""NICSP 03.pdf""}"
NICSP 03-P0046,NICSP,NICSP 03,"POLÍTICAS CONTABLES, CAMBIOS EN LAS ESTIMACIONES CONTABLES Y ERRORES",31-01-2025,es,Errores,,46,46,13,13,paragraph,"Los errores pueden s urgir c on res pec to al rec onoc imiento, medic ión, pres entac ión o informac ión a revelar de los elementos de los estados financ ieros . Los es tados financ ieros no c umplen c on las NICSP s i c ontienen errores , tanto materiales o que tienen impor tanc ia relativ a como inmateriales o que no tienen importanc ia relativa, c uando han s ido cometidos intenc ionadamente parac ons eguir, res pec to de una entidad, una determinada presentac ión de s u situac ión financ iera, de s u rendimiento financ iero o de s us fluj os de efec tiv o. Los errores potenciales del periodo c orriente, desc ubiertos en es te mis mo periodo, s e c orregirán antes de que los es tados financ ieros s e autoric en para s u emis ión. Sin embargo, los errores materiales en oc as iones no s e des cubren hasta un pe riodo pos terior, de forma que tales errores de periodos anteriores s e c orregirán en la informac ión c omparativ a presentada en los es tados financ ieros de los periodos s iguientes (v éans e los párrafos 47 a 52).","NICSP 03 — POLÍTICAS CONTABLES, CAMBIOS EN LAS ESTIMACIONES CONTABLES Y ERRORES — Errores — párr. 46 — p. 13",NICSP 03.pdf,"{""chunk_id"": ""NICSP 03-P0046"", ""doc_set"": ""NICSP"", ""norma_id"": ""NICSP 03"", ""norma_titulo"": ""POLÍTICAS CONTABLES, CAMBIOS EN LAS ESTIMACIONES CONTABLES Y ERRORES"", ""version_corte"": ""31-01-2025"", ""idioma"": ""es"", ""seccion"": ""Errores"", ""subseccion"": null, ""parrafo_ini"": 46, ""parrafo_fin"": 46, ""page_ini_pdf"": 13, ""page_fin_pdf"": 13, ""content_type"": ""paragraph"", ""qa_scope"": ""normativo"", ""source_file"": ""NICSP 03.pdf""}"
NICSP 03-P0047,NICSP,NICSP 03,"POLÍTICAS CONTABLES, CAMBIOS EN LAS ESTIMACIONES CONTABLES Y ERRORES",31-01-2025,es,Errores,,47,47,13,13,paragraph,"Conforme a lo establecido en párrafo 48, la entidad corregirá los errores materiales de periodos anteriores de forma retroactiva, en los primeros estados financieros formulados después de haberlos descubierto: (a) reexpresando la información comparativa para el periodo o periodos anteriores presentados en los que se originó el error; o (b) si el error ocurrió con anterioridad al periodo más antiguo para el que se presenta información, reexpresando los saldos iniciales de activos, pasivos y activos netos/patrimonio para dicho periodo. Limitaciones a la reexpresión retroactiva","NICSP 03 — POLÍTICAS CONTABLES, CAMBIOS EN LAS ESTIMACIONES CONTABLES Y ERRORES — Errores — párr. 47 — p. 13",NICSP 03.pdf,"{""chunk_id"": ""NICSP 03-P0047"", ""doc_set"": ""NICSP"", ""norma_id"": ""NICSP 03"", ""norma_titulo"": ""POLÍTICAS CONTABLES, CAMBIOS EN LAS ESTIMACIONES CONTABLES Y ERRORES"", ""version_corte"": ""31-01-2025"", ""idioma"": ""es"", ""seccion"": ""Errores"", ""subseccion"": null, ""parrafo_ini"": 47, ""parrafo_fin"": 47, ""page_ini_pdf"": 13, ""page_fin_pdf"": 13, ""content_type"": ""paragraph"", ""qa_scope"": ""normativo"", ""source_file"": ""NICSP 03.pdf""}"
NICSP 03-P0048,NICSP,NICSP 03,"POLÍTICAS CONTABLES, CAMBIOS EN LAS ESTIMACIONES CONTABLES Y ERRORES",31-01-2025,es,Errores,Limitaciones a la reexpresión retroactiva,48,48,13,13,paragraph,"Un error correspondiente a un periodo anterior se corregirá mediante reexpresión retroactiva, salvo que sea impracticable determinar los efectos en cada periodo específico o el efecto acumulado del error.","NICSP 03 — POLÍTICAS CONTABLES, CAMBIOS EN LAS ESTIMACIONES CONTABLES Y ERRORES — Errores / Limitaciones a la reexpresión retroactiva — párr. 48 — p. 13",NICSP 03.pdf,"{""chunk_id"": ""NICSP 03-P0048"", ""doc_set"": ""NICSP"", ""norma_id"": ""NICSP 03"", ""norma_titulo"": ""POLÍTICAS CONTABLES, CAMBIOS EN LAS ESTIMACIONES CONTABLES Y ERRORES"", ""version_corte"": ""31-01-2025"", ""idioma"": ""es"", ""seccion"": ""Errores"", ""subseccion"": ""Limitaciones a la reexpresión retroactiva"", ""parrafo_ini"": 48, ""parrafo_fin"": 48, ""page_ini_pdf"": 13, ""page_fin_pdf"": 13, ""content_type"": ""paragraph"", ""qa_scope"": ""normativo"", ""source_file"": ""NICSP 03.pdf""}"
NICSP 03-P0049,NICSP,NICSP 03,"POLÍTICAS CONTABLES, CAMBIOS EN LAS ESTIMACIONES CONTABLES Y ERRORES",31-01-2025,es,Errores,Limitaciones a la reexpresión retroactiva,49,49,13,13,paragraph,"Cuando sea impracticable determinar los efectos, en cada periodo específico, de un error en la información comparativa de uno o más periodos anteriores para los que se presente información, la entidad reexpresará los saldos iniciales de los activos, pasivo s y activos netos/patrimonio para el primer periodo para el que sea aplicable la reexpresión retroactiva (que podría ser el periodo corriente).","NICSP 03 — POLÍTICAS CONTABLES, CAMBIOS EN LAS ESTIMACIONES CONTABLES Y ERRORES — Errores / Limitaciones a la reexpresión retroactiva — párr. 49 — p. 13",NICSP 03.pdf,"{""chunk_id"": ""NICSP 03-P0049"", ""doc_set"": ""NICSP"", ""norma_id"": ""NICSP 03"", ""norma_titulo"": ""POLÍTICAS CONTABLES, CAMBIOS EN LAS ESTIMACIONES CONTABLES Y ERRORES"", ""version_corte"": ""31-01-2025"", ""idioma"": ""es"", ""seccion"": ""Errores"", ""subseccion"": ""Limitaciones a la reexpresión retroactiva"", ""parrafo_ini"": 49, ""parrafo_fin"": 49, ""page_ini_pdf"": 13, ""page_fin_pdf"": 13, ""content_type"": ""paragraph"", ""qa_scope"": ""normativo"", ""source_file"": ""NICSP 03.pdf""}"
NICSP 03-P0050,NICSP,NICSP 03,"POLÍTICAS CONTABLES, CAMBIOS EN LAS ESTIMACIONES CONTABLES Y ERRORES",31-01-2025,es,Errores,Limitaciones a la reexpresión retroactiva,50,50,13,14,paragraph,"Cuando sea impracticable determinar el efecto acumulado, al principio del periodo corriente, de un error en todos los periodos anteriores, la entidad reexpresará la información comparativa corrigiendo el error de forma prospectiva, desde la primera fecha e n que sea practicable hacerlo.","NICSP 03 — POLÍTICAS CONTABLES, CAMBIOS EN LAS ESTIMACIONES CONTABLES Y ERRORES — Errores / Limitaciones a la reexpresión retroactiva — párr. 50 — p. 13-14",NICSP 03.pdf,"{""chunk_id"": ""NICSP 03-P0050"", ""doc_set"": ""NICSP"", ""norma_id"": ""NICSP 03"", ""norma_titulo"": ""POLÍTICAS CONTABLES, CAMBIOS EN LAS ESTIMACIONES CONTABLES Y ERRORES"", ""version_corte"": ""31-01-2025"", ""idioma"": ""es"", ""seccion"": ""Errores"", ""subseccion"": ""Limitaciones a la reexpresión retroactiva"", ""parrafo_ini"": 50, ""parrafo_fin"": 50, ""page_ini_pdf"": 13, ""page_fin_pdf"": 14, ""content_type"": ""paragraph"", ""qa_scope"": ""normativo"", ""source_file"": ""NICSP 03.pdf""}"
NICSP 03-P0051,NICSP,NICSP 03,"POLÍTICAS CONTABLES, CAMBIOS EN LAS ESTIMACIONES CONTABLES Y ERRORES",31-01-2025,es,Errores,Limitaciones a la reexpresión retroactiva,51,51,14,14,paragraph,"El efecto de la c orrecc ión de un error de periodos anteriores no s e inc luirá en el res ultado (ahorroo desahorro) del periodo en el que s e desc ubra el error. Cualquier otra informac ión pres entada s obre periodos anteriores, inc luy endo resúmenes his tóricos d e datos financ ieros, también será objeto de reexpres ión, retrotray éndos e en el tiempo tanto c omo s ea practicable.","NICSP 03 — POLÍTICAS CONTABLES, CAMBIOS EN LAS ESTIMACIONES CONTABLES Y ERRORES — Errores / Limitaciones a la reexpresión retroactiva — párr. 51 — p. 14",NICSP 03.pdf,"{""chunk_id"": ""NICSP 03-P0051"", ""doc_set"": ""NICSP"", ""norma_id"": ""NICSP 03"", ""norma_titulo"": ""POLÍTICAS CONTABLES, CAMBIOS EN LAS ESTIMACIONES CONTABLES Y ERRORES"", ""version_corte"": ""31-01-2025"", ""idioma"": ""es"", ""seccion"": ""Errores"", ""subseccion"": ""Limitaciones a la reexpresión retroactiva"", ""parrafo_ini"": 51, ""parrafo_fin"": 51, ""page_ini_pdf"": 14, ""page_fin_pdf"": 14, ""content_type"": ""paragraph"", ""qa_scope"": ""normativo"", ""source_file"": ""NICSP 03.pdf""}"
NICSP 03-P0052,NICSP,NICSP 03,"POLÍTICAS CONTABLES, CAMBIOS EN LAS ESTIMACIONES CONTABLES Y ERRORES",31-01-2025,es,Errores,Limitaciones a la reexpresión retroactiva,52,52,14,14,paragraph,"Cuando s ea imprac ticable determinar el importe de un error para todos los periodos anteriores (por ejemplo, una equiv oc ac ión al aplic ar una política c ontable), la entidad, de ac uerdo c on el párrafo 50, reexpres ará la informac ión comparativa de forma prospe ctiva desde la primera fec ha en que s ea prac tic able hacerlo. En c onsec uenc ia, s e ignorará la porc ión de la reexpresión ac umulada de ac tivos , pas ivos y ac tivos netos /patrimonio que hay a s urgido antes de es a fecha. En los párrafos 55 a 58 se suminis tran guía s s obre c uándo resulta imprac ticable c orregir un error para uno o más periodos anteriores.","NICSP 03 — POLÍTICAS CONTABLES, CAMBIOS EN LAS ESTIMACIONES CONTABLES Y ERRORES — Errores / Limitaciones a la reexpresión retroactiva — párr. 52 — p. 14",NICSP 03.pdf,"{""chunk_id"": ""NICSP 03-P0052"", ""doc_set"": ""NICSP"", ""norma_id"": ""NICSP 03"", ""norma_titulo"": ""POLÍTICAS CONTABLES, CAMBIOS EN LAS ESTIMACIONES CONTABLES Y ERRORES"", ""version_corte"": ""31-01-2025"", ""idioma"": ""es"", ""seccion"": ""Errores"", ""subseccion"": ""Limitaciones a la reexpresión retroactiva"", ""parrafo_ini"": 52, ""parrafo_fin"": 52, ""page_ini_pdf"": 14, ""page_fin_pdf"": 14, ""content_type"": ""paragraph"", ""qa_scope"": ""normativo"", ""source_file"": ""NICSP 03.pdf""}"
NICSP 03-P0053,NICSP,NICSP 03,"POLÍTICAS CONTABLES, CAMBIOS EN LAS ESTIMACIONES CONTABLES Y ERRORES",31-01-2025,es,Errores,Limitaciones a la reexpresión retroactiva,53,53,14,14,paragraph,"La c orrecc ión de errores s e dis tingue de los c ambios en las es timac iones c ontables . Las estimac iones c ontables son, por s u naturaleza, aprox imac iones que pueden nec es itar rev isión c uando s e tenga c onoc imiento de informac ión adicional. Por ejemplo, la pérdi da o gananc ia reconoc ida c omo res ultado del desenlace de una c ontingenc ia no c ons tituy e la correcc ión de un error. Información a revelar sobre errores de periodos anteriores","NICSP 03 — POLÍTICAS CONTABLES, CAMBIOS EN LAS ESTIMACIONES CONTABLES Y ERRORES — Errores / Limitaciones a la reexpresión retroactiva — párr. 53 — p. 14",NICSP 03.pdf,"{""chunk_id"": ""NICSP 03-P0053"", ""doc_set"": ""NICSP"", ""norma_id"": ""NICSP 03"", ""norma_titulo"": ""POLÍTICAS CONTABLES, CAMBIOS EN LAS ESTIMACIONES CONTABLES Y ERRORES"", ""version_corte"": ""31-01-2025"", ""idioma"": ""es"", ""seccion"": ""Errores"", ""subseccion"": ""Limitaciones a la reexpresión retroactiva"", ""parrafo_ini"": 53, ""parrafo_fin"": 53, ""page_ini_pdf"": 14, ""page_fin_pdf"": 14, ""content_type"": ""paragraph"", ""qa_scope"": ""normativo"", ""source_file"": ""NICSP 03.pdf""}"
NICSP 03-P0054,NICSP,NICSP 03,"POLÍTICAS CONTABLES, CAMBIOS EN LAS ESTIMACIONES CONTABLES Y ERRORES",31-01-2025,es,Errores,Información a revelar sobre errores de periodos anteriores,54,54,14,14,paragraph,"En aplicación del párrafo 47, una entidad revelará la siguiente información: (a) la naturalez a del error del periodo anterior; (b) para cada periodo anterior presentado, en la medida que sea practicable, el importe de la corrección para cada partida de los estados financieros que se vea afectada; (c) el importe de la corrección al principio del periodo anterior más antiguo sobre elque se presente información; y (d) si fuera impracticable la reexpresión retroactiva para un periodo anterior en particular, las circunstancias que conducen a esa situación, junto con una descripción de cómo y desde cuándo se ha corregido el error. No es necesario repetir esta información a revelar en los estados financieros de periodos posteriores. I m pr act icabi l i dad del a apl i cación y de lar eexpr esi ó n r et r oact ivas","NICSP 03 — POLÍTICAS CONTABLES, CAMBIOS EN LAS ESTIMACIONES CONTABLES Y ERRORES — Errores / Información a revelar sobre errores de periodos anteriores — párr. 54 — p. 14",NICSP 03.pdf,"{""chunk_id"": ""NICSP 03-P0054"", ""doc_set"": ""NICSP"", ""norma_id"": ""NICSP 03"", ""norma_titulo"": ""POLÍTICAS CONTABLES, CAMBIOS EN LAS ESTIMACIONES CONTABLES Y ERRORES"", ""version_corte"": ""31-01-2025"", ""idioma"": ""es"", ""seccion"": ""Errores"", ""subseccion"": ""Información a revelar sobre errores de periodos anteriores"", ""parrafo_ini"": 54, ""parrafo_fin"": 54, ""page_ini_pdf"": 14, ""page_fin_pdf"": 14, ""content_type"": ""paragraph"", ""qa_scope"": ""normativo"", ""source_file"": ""NICSP 03.pdf""}"
NICSP 03-P0055,NICSP,NICSP 03,"POLÍTICAS CONTABLES, CAMBIOS EN LAS ESTIMACIONES CONTABLES Y ERRORES",31-01-2025,es,Impracticabilidad de la aplicación y de la reexpresión retroactivas,,55,55,14,14,paragraph,"En algunas c irc uns tanc ias, c uando s e des ea c onseguir la comparabilidad c on el periodo c orriente, el ajuste de la informac ión c omparativ a de uno o más periodos anteriores es imprac ticable. Por ejemplo, los datos podrían no haberse obtenido, en el periodo o periodos anteriores , de forma que permitan la aplicac ión retroac tiv a de una nueva polític a contable (inc luy endo, para el propós ito de los párrafos 56 a 58, s u aplicac ión pros pec tiv a a periodos anteriores ), o la reex pres ión retroac tiv a para corregir un erro r de un periodo anterior, c omo c ons ec uenc ia de lo c ual la recons trucc ión de la informac ión es imprac tic able.","NICSP 03 — POLÍTICAS CONTABLES, CAMBIOS EN LAS ESTIMACIONES CONTABLES Y ERRORES — Impracticabilidad de la aplicación y de la reexpresión retroactivas — párr. 55 — p. 14",NICSP 03.pdf,"{""chunk_id"": ""NICSP 03-P0055"", ""doc_set"": ""NICSP"", ""norma_id"": ""NICSP 03"", ""norma_titulo"": ""POLÍTICAS CONTABLES, CAMBIOS EN LAS ESTIMACIONES CONTABLES Y ERRORES"", ""version_corte"": ""31-01-2025"", ""idioma"": ""es"", ""seccion"": ""Impracticabilidad de la aplicación y de la reexpresión retroactivas"", ""subseccion"": null, ""parrafo_ini"": 55, ""parrafo_fin"": 55, ""page_ini_pdf"": 14, ""page_fin_pdf"": 14, ""content_type"": ""paragraph"", ""qa_scope"": ""normativo"", ""source_file"": ""NICSP 03.pdf""}"
NICSP 03-P0056,NICSP,NICSP 03,"POLÍTICAS CONTABLES, CAMBIOS EN LAS ESTIMACIONES CONTABLES Y ERRORES",31-01-2025,es,Impracticabilidad de la aplicación y de la reexpresión retroactivas,,56,56,14,15,paragraph,"Con frecuencia es necesario efectuar estimac iones al aplic ar una polític a c ontable a los elementos de los es tados financ ieros rec onocidos o revelados que hac en referenc ia a determinadas transac c iones , otros s uc esos o c ondiciones . La es timac ión es s ubjetiv a en sí misma, y podría habers e mejorado después de la fec ha de pres entac ión. El desarrollo de es timaciones puedes er todav ía más difíc il c uando s e aplica retroac tiv amente una polític a contable, o cuando s e efec túa una reexpres ión retroac tiva para c orregir un error de periodos anteriores , debido al dilatado periodo de tiempo que podría haber transc urrido des de que s e produjo la trans ac c ión afec tada, otro s uc es o o c ondic ión objeto de la reex pres ión. Sin embargo, el objetiv o de es timac iones que s e refieren a p eriodos anteriores es el mis mo que para las es timac iones realiz adas en el periodo c orriente, es to es , que la es timac ión refleje las c irc uns tanc ias exis tentes c uando la transacc ión, s uc eso o condic ión ocurrió.","NICSP 03 — POLÍTICAS CONTABLES, CAMBIOS EN LAS ESTIMACIONES CONTABLES Y ERRORES — Impracticabilidad de la aplicación y de la reexpresión retroactivas — párr. 56 — p. 14-15",NICSP 03.pdf,"{""chunk_id"": ""NICSP 03-P0056"", ""doc_set"": ""NICSP"", ""norma_id"": ""NICSP 03"", ""norma_titulo"": ""POLÍTICAS CONTABLES, CAMBIOS EN LAS ESTIMACIONES CONTABLES Y ERRORES"", ""version_corte"": ""31-01-2025"", ""idioma"": ""es"", ""seccion"": ""Impracticabilidad de la aplicación y de la reexpresión retroactivas"", ""subseccion"": null, ""parrafo_ini"": 56, ""parrafo_fin"": 56, ""page_ini_pdf"": 14, ""page_fin_pdf"": 15, ""content_type"": ""paragraph"", ""qa_scope"": ""normativo"", ""source_file"": ""NICSP 03.pdf""}"
NICSP 03-P0057,NICSP,NICSP 03,"POLÍTICAS CONTABLES, CAMBIOS EN LAS ESTIMACIONES CONTABLES Y ERRORES",31-01-2025,es,Impracticabilidad de la aplicación y de la reexpresión retroactivas,,57,57,15,15,paragraph,"En c ons ec uenc ia, la aplic ac ión retroac tiv a de una nuev a política contable o la correcc ión de un error de un periodo anterior, ex ige diferenc iar la informac ión que: (a) s uminis tra evidenc ia de las c ircuns tanc ias ex is tentes en la fec ha o fec has en las que la trans acc ión, otro suc es o o c ondic ión ocurrió; y (b) tendría que haber es tado dis ponible cuando los es tados financ ieros del periodo prev io fueron autorizados para su emis ión; de otro tipo de informac ión. Paraalgunos tipos de es timac iones (por ejemplo , una medic ión del v alor razonable que utiliz a datos de entrada no obs ervables s ignific ativos ), es imprac tic able dis tinguir es tos tipos de informac ión. Cuando la aplic ac ión o la reexpres ión retroac tiv as exijan efec tuar es timac iones s ignificativas , para las que s ea impos ible distinguir es tos dos tipos de información, resultará impractic able aplicar la nuev a política c ontable o corregir el error del periodo anterior de forma retroac ti v a.","NICSP 03 — POLÍTICAS CONTABLES, CAMBIOS EN LAS ESTIMACIONES CONTABLES Y ERRORES — Impracticabilidad de la aplicación y de la reexpresión retroactivas — párr. 57 — p. 15",NICSP 03.pdf,"{""chunk_id"": ""NICSP 03-P0057"", ""doc_set"": ""NICSP"", ""norma_id"": ""NICSP 03"", ""norma_titulo"": ""POLÍTICAS CONTABLES, CAMBIOS EN LAS ESTIMACIONES CONTABLES Y ERRORES"", ""version_corte"": ""31-01-2025"", ""idioma"": ""es"", ""seccion"": ""Impracticabilidad de la aplicación y de la reexpresión retroactivas"", ""subseccion"": null, ""parrafo_ini"": 57, ""parrafo_fin"": 57, ""page_ini_pdf"": 15, ""page_fin_pdf"": 15, ""content_type"": ""paragraph"", ""qa_scope"": ""normativo"", ""source_file"": ""NICSP 03.pdf""}"
NICSP 03-P0058,NICSP,NICSP 03,"POLÍTICAS CONTABLES, CAMBIOS EN LAS ESTIMACIONES CONTABLES Y ERRORES",31-01-2025,es,Impracticabilidad de la aplicación y de la reexpresión retroactivas,,58,58,15,15,paragraph,"Cuando s e es té aplic ando una nuev a polític a contable a un periodo anterior o s e c orrijan importes de un periodo anterior, no deberán es tablecers e hipótes is retroac tiv as que c onsis tan en s upos ic iones acerc a de las intenc iones de la gerenc ia en un periodo an terior o en es timac iones de los importes que se hubieran reconocido, medido o revelado en tal periodo anterior. Por ejemplo, c uando una entidad corrige un error de un periodo anterior al c las ificar un edific io del gobierno c omo una propiedad de inv ers ión ( el edific io era c las ificado prev iamente c omo propiedades , planta y equipo), no c ambia la bas e de c las ificac ión para es e periodo, s i la gerenc ia decidiera más tarde utilizar ese edific io como un edific io de ofic inas oc upado por el dueño. Además , c uando una entidad corrige un error de un periodo anterior al c alc ular s u pas iv o para la prov is ión de cos tos de limpiez a de contaminac ión resultante de operac iones del gobierno de acuerdo con la NICSP 19, ignorará la informac ión s obre un es c ape de petróleo inus ualmen te grande de un barc o petrolero durante el periodo s iguiente que ha es tado dis ponible des pués de que los es tados financ ieros para el periodo anterior fueran autoriz ados para su emis ión. El hec ho de que frec uentemente s e ex ija efec tuar es timac iones s ignific ativas c uando se modific a la informac ión c omparativa pres entada para periodos anteriores , no impide ajus tar o c orregir dic ha informac ión c omparativ a. Fecha de vi genci a","NICSP 03 — POLÍTICAS CONTABLES, CAMBIOS EN LAS ESTIMACIONES CONTABLES Y ERRORES — Impracticabilidad de la aplicación y de la reexpresión retroactivas — párr. 58 — p. 15",NICSP 03.pdf,"{""chunk_id"": ""NICSP 03-P0058"", ""doc_set"": ""NICSP"", ""norma_id"": ""NICSP 03"", ""norma_titulo"": ""POLÍTICAS CONTABLES, CAMBIOS EN LAS ESTIMACIONES CONTABLES Y ERRORES"", ""version_corte"": ""31-01-2025"", ""idioma"": ""es"", ""seccion"": ""Impracticabilidad de la aplicación y de la reexpresión retroactivas"", ""subseccion"": null, ""parrafo_ini"": 58, ""parrafo_fin"": 58, ""page_ini_pdf"": 15, ""page_fin_pdf"": 15, ""content_type"": ""paragraph"", ""qa_scope"": ""normativo"", ""source_file"": ""NICSP 03.pdf""}"
NICSP 03-P0059,NICSP,NICSP 03,"POLÍTICAS CONTABLES, CAMBIOS EN LAS ESTIMACIONES CONTABLES Y ERRORES",31-01-2025,es,Fecha de vigencia,,59,59,15,15,paragraph,"Una entidad aplicará esta Norma para los estados financieros anuales que cubran periodos que comiencen a partir del 1 de enero de 2008. Se aconseja su aplicación anticipada. Si una entidad aplica esta Norma en periodos que comiencen antes del 1 de enero de 2008, se revelará este hecho.","NICSP 03 — POLÍTICAS CONTABLES, CAMBIOS EN LAS ESTIMACIONES CONTABLES Y ERRORES — Fecha de vigencia — párr. 59 — p. 15",NICSP 03.pdf,"{""chunk_id"": ""NICSP 03-P0059"", ""doc_set"": ""NICSP"", ""norma_id"": ""NICSP 03"", ""norma_titulo"": ""POLÍTICAS CONTABLES, CAMBIOS EN LAS ESTIMACIONES CONTABLES Y ERRORES"", ""version_corte"": ""31-01-2025"", ""idioma"": ""es"", ""seccion"": ""Fecha de vigencia"", ""subseccion"": null, ""parrafo_ini"": 59, ""parrafo_fin"": 59, ""page_ini_pdf"": 15, ""page_fin_pdf"": 15, ""content_type"": ""paragraph"", ""qa_scope"": ""normativo"", ""source_file"": ""NICSP 03.pdf""}"
NICSP 03-P5901,NICSP,NICSP 03,"POLÍTICAS CONTABLES, CAMBIOS EN LAS ESTIMACIONES CONTABLES Y ERRORES",31-01-2025,es,Fecha de vigencia,,5901,5901,15,15,paragraph,"Los párrafos 9, 11 y 14 fueron modificados por el documento Mejoras a las NICSP emitido en enero de 2010. Una entidad deberá aplicar esas modificaciones para los estados financieros anuales que cubran periodos que comiencen a partir del 1 de enero de 2011. Se aconseja su aplicación anticipada.","NICSP 03 — POLÍTICAS CONTABLES, CAMBIOS EN LAS ESTIMACIONES CONTABLES Y ERRORES — Fecha de vigencia — párr. 59A — p. 15",NICSP 03.pdf,"{""chunk_id"": ""NICSP 03-P5901"", ""doc_set"": ""NICSP"", ""norma_id"": ""NICSP 03"", ""norma_titulo"": ""POLÍTICAS CONTABLES, CAMBIOS EN LAS ESTIMACIONES CONTABLES Y ERRORES"", ""version_corte"": ""31-01-2025"", ""idioma"": ""es"", ""seccion"": ""Fecha de vigencia"", ""subseccion"": null, ""parrafo_ini"": 5901, ""parrafo_fin"": 5901, ""page_ini_pdf"": 15, ""page_fin_pdf"": 15, ""content_type"": ""paragraph"", ""qa_scope"": ""normativo"", ""source_file"": ""NICSP 03.pdf""}"
NICSP 03-P5902,NICSP,NICSP 03,"POLÍTICAS CONTABLES, CAMBIOS EN LAS ESTIMACIONES CONTABLES Y ERRORES",31-01-2025,es,Fecha de vigencia,,5902,5902,15,15,paragraph,"La NICSP 33, Adopción por primera vez de las Normas Internacionales de Contabilidad del Sector Público de Base de Acumulación (o devengo) (NICSP) emitida en enero de 2015 modificó el párrafo 60. Una entidad debe aplicar esa modificación para los estados financieros anuales que cubran periodos que comiencen a partir del 1 de enero de 2017. Se permite su aplicación anticipada. Si una entidad aplica l a NICSP 33 en un periodo que comience antes del 1 de enero de 2017, la modificación también se aplicará pa ra dicho periodo.","NICSP 03 — POLÍTICAS CONTABLES, CAMBIOS EN LAS ESTIMACIONES CONTABLES Y ERRORES — Fecha de vigencia — párr. 59B — p. 15",NICSP 03.pdf,"{""chunk_id"": ""NICSP 03-P5902"", ""doc_set"": ""NICSP"", ""norma_id"": ""NICSP 03"", ""norma_titulo"": ""POLÍTICAS CONTABLES, CAMBIOS EN LAS ESTIMACIONES CONTABLES Y ERRORES"", ""version_corte"": ""31-01-2025"", ""idioma"": ""es"", ""seccion"": ""Fecha de vigencia"", ""subseccion"": null, ""parrafo_ini"": 5902, ""parrafo_fin"": 5902, ""page_ini_pdf"": 15, ""page_fin_pdf"": 15, ""content_type"": ""paragraph"", ""qa_scope"": ""normativo"", ""source_file"": ""NICSP 03.pdf""}"
NICSP 03-P5903,NICSP,NICSP 03,"POLÍTICAS CONTABLES, CAMBIOS EN LAS ESTIMACIONES CONTABLES Y ERRORES",31-01-2025,es,Fecha de vigencia,,5903,5903,15,16,paragraph,"El documento Mejoras a las NICSP 2015 emitido en abril de 2016 modificó los párrafos 7, 10, 12, 14, 15, 17 y 34 y eliminó el párrafo 13. Una entidad aplicará esas modificaciones para los estados financieros anuales que cubran periodos que comiencen a partir del 1 de enero de 2017. Se aconseja su aplicación anticipada. Si una entidad aplicase las modificaciones para un periodo que comience antes del 1 de enero de 2017, deberá revelar este hecho.","NICSP 03 — POLÍTICAS CONTABLES, CAMBIOS EN LAS ESTIMACIONES CONTABLES Y ERRORES — Fecha de vigencia — párr. 59C — p. 15-16",NICSP 03.pdf,"{""chunk_id"": ""NICSP 03-P5903"", ""doc_set"": ""NICSP"", ""norma_id"": ""NICSP 03"", ""norma_titulo"": ""POLÍTICAS CONTABLES, CAMBIOS EN LAS ESTIMACIONES CONTABLES Y ERRORES"", ""version_corte"": ""31-01-2025"", ""idioma"": ""es"", ""seccion"": ""Fecha de vigencia"", ""subseccion"": null, ""parrafo_ini"": 5903, ""parrafo_fin"": 5903, ""page_ini_pdf"": 15, ""page_fin_pdf"": 16, ""content_type"": ""paragraph"", ""qa_scope"": ""normativo"", ""source_file"": ""NICSP 03.pdf""}"
NICSP 03-P5904,NICSP,NICSP 03,"POLÍTICAS CONTABLES, CAMBIOS EN LAS ESTIMACIONES CONTABLES Y ERRORES",31-01-2025,es,Fecha de vigencia,,5904,5904,16,16,paragraph,"Los párrafos 5 y 6 fueron eliminados por el documento La Aplicabilidad de las NICSP , emitido en abril de 2016. Una entidad aplicará esas modificaciones para los estados financieros anuales que cubran periodos que comiencen a partir del 1 de enero de 2018. Se aconseja su aplicación anticipada. Si una entidad aplica las modificaciones para un periodo que comience antes del 1 de enero de 2018, deberá revelar este hecho.","NICSP 03 — POLÍTICAS CONTABLES, CAMBIOS EN LAS ESTIMACIONES CONTABLES Y ERRORES — Fecha de vigencia — párr. 59D — p. 16",NICSP 03.pdf,"{""chunk_id"": ""NICSP 03-P5904"", ""doc_set"": ""NICSP"", ""norma_id"": ""NICSP 03"", ""norma_titulo"": ""POLÍTICAS CONTABLES, CAMBIOS EN LAS ESTIMACIONES CONTABLES Y ERRORES"", ""version_corte"": ""31-01-2025"", ""idioma"": ""es"", ""seccion"": ""Fecha de vigencia"", ""subseccion"": null, ""parrafo_ini"": 5904, ""parrafo_fin"": 5904, ""page_ini_pdf"": 16, ""page_fin_pdf"": 16, ""content_type"": ""paragraph"", ""qa_scope"": ""normativo"", ""source_file"": ""NICSP 03.pdf""}"
NICSP 03-P5905,NICSP,NICSP 03,"POLÍTICAS CONTABLES, CAMBIOS EN LAS ESTIMACIONES CONTABLES Y ERRORES",31-01-2025,es,Fecha de vigencia,,5905,5905,16,16,paragraph,"El párrafo 22 fue modificado por la NICSP 45, emitida en mayo de 2023. Una entidad aplicará esta modificación para los estados financieros anuales que cubran periodos que comiencen a partir del 1 de enero de 2025. Se aconseja su aplicación anticipada. Si u na entidad aplicase las modificaciones para un periodo que comience antes del 1 de enero de 2025, revelará este hecho y aplicará al mismo tiempo la NICSP 45.","NICSP 03 — POLÍTICAS CONTABLES, CAMBIOS EN LAS ESTIMACIONES CONTABLES Y ERRORES — Fecha de vigencia — párr. 59E — p. 16",NICSP 03.pdf,"{""chunk_id"": ""NICSP 03-P5905"", ""doc_set"": ""NICSP"", ""norma_id"": ""NICSP 03"", ""norma_titulo"": ""POLÍTICAS CONTABLES, CAMBIOS EN LAS ESTIMACIONES CONTABLES Y ERRORES"", ""version_corte"": ""31-01-2025"", ""idioma"": ""es"", ""seccion"": ""Fecha de vigencia"", ""subseccion"": null, ""parrafo_ini"": 5905, ""parrafo_fin"": 5905, ""page_ini_pdf"": 16, ""page_fin_pdf"": 16, ""content_type"": ""paragraph"", ""qa_scope"": ""normativo"", ""source_file"": ""NICSP 03.pdf""}"
NICSP 03-P5906,NICSP,NICSP 03,"POLÍTICAS CONTABLES, CAMBIOS EN LAS ESTIMACIONES CONTABLES Y ERRORES",31-01-2025,es,Fecha de vigencia,,5906,5906,16,16,paragraph,"El párrafo 57 fue modificado por la NICSP 46, Medición emitida en mayo de 2023. Una entidad aplicará estas modificaciones para los estados financieros anuales que cubran periodos que comiencen a partir del 1 de enero de 2025. Se aconseja su aplicación anticipada. Si una entidad aplicase las modificaciones par a un periodo que comience antes del 1 de enero de 2025, revelará este hecho y al mismo tiempo aplicará la NICSP 46.","NICSP 03 — POLÍTICAS CONTABLES, CAMBIOS EN LAS ESTIMACIONES CONTABLES Y ERRORES — Fecha de vigencia — párr. 59F — p. 16",NICSP 03.pdf,"{""chunk_id"": ""NICSP 03-P5906"", ""doc_set"": ""NICSP"", ""norma_id"": ""NICSP 03"", ""norma_titulo"": ""POLÍTICAS CONTABLES, CAMBIOS EN LAS ESTIMACIONES CONTABLES Y ERRORES"", ""version_corte"": ""31-01-2025"", ""idioma"": ""es"", ""seccion"": ""Fecha de vigencia"", ""subseccion"": null, ""parrafo_ini"": 5906, ""parrafo_fin"": 5906, ""page_ini_pdf"": 16, ""page_fin_pdf"": 16, ""content_type"": ""paragraph"", ""qa_scope"": ""normativo"", ""source_file"": ""NICSP 03.pdf""}"
NICSP 03-P0060,NICSP,NICSP 03,"POLÍTICAS CONTABLES, CAMBIOS EN LAS ESTIMACIONES CONTABLES Y ERRORES",31-01-2025,es,Fecha de vigencia,,60,60,16,16,paragraph,"Cuando una entidad adopte las NICSP de contabilidad de ac umulación (o dev engo), tal c omo s e definen en la NICSP 33, Adopc ión por Primera Vez de las Normas Internac ionales de Contabilidad del Sec tor Públic o (NICSP), a efec tos de información financ iera c on pos terioridad a es ta fecha de v igenc ia, esta Norma se aplicará a los es tados financ ieros anuales de la entidad que cubran periodos que c omienc en a partir de la fec ha de adopción de las NICSP. Der ogaci ó n de l a NICSP 3 ( 20 00)","NICSP 03 — POLÍTICAS CONTABLES, CAMBIOS EN LAS ESTIMACIONES CONTABLES Y ERRORES — Fecha de vigencia — párr. 60 — p. 16",NICSP 03.pdf,"{""chunk_id"": ""NICSP 03-P0060"", ""doc_set"": ""NICSP"", ""norma_id"": ""NICSP 03"", ""norma_titulo"": ""POLÍTICAS CONTABLES, CAMBIOS EN LAS ESTIMACIONES CONTABLES Y ERRORES"", ""version_corte"": ""31-01-2025"", ""idioma"": ""es"", ""seccion"": ""Fecha de vigencia"", ""subseccion"": null, ""parrafo_ini"": 60, ""parrafo_fin"": 60, ""page_ini_pdf"": 16, ""page_fin_pdf"": 16, ""content_type"": ""paragraph"", ""qa_scope"": ""normativo"", ""source_file"": ""NICSP 03.pdf""}"
NICSP 03-P0061,NICSP,NICSP 03,"POLÍTICAS CONTABLES, CAMBIOS EN LAS ESTIMACIONES CONTABLES Y ERRORES",31-01-2025,es,Derogación de la NICSP 3 (2000),,61,61,16,16,paragraph,"Esta Norma sus tituye a la NICSP 3, Res ultado Neto del Periodo, Errores Fundamentales y Cambios en las Polític as Contables , emitida en 2000.","NICSP 03 — POLÍTICAS CONTABLES, CAMBIOS EN LAS ESTIMACIONES CONTABLES Y ERRORES — Derogación de la NICSP 3 (2000) — párr. 61 — p. 16",NICSP 03.pdf,"{""chunk_id"": ""NICSP 03-P0061"", ""doc_set"": ""NICSP"", ""norma_id"": ""NICSP 03"", ""norma_titulo"": ""POLÍTICAS CONTABLES, CAMBIOS EN LAS ESTIMACIONES CONTABLES Y ERRORES"", ""version_corte"": ""31-01-2025"", ""idioma"": ""es"", ""seccion"": ""Derogación de la NICSP 3 (2000)"", ""subseccion"": null, ""parrafo_ini"": 61, ""parrafo_fin"": 61, ""page_ini_pdf"": 16, ""page_fin_pdf"": 16, ""content_type"": ""paragraph"", ""qa_scope"": ""normativo"", ""source_file"": ""NICSP 03.pdf""}"
NICSP 03-P9001,NICSP,NICSP 03,"POLÍTICAS CONTABLES, CAMBIOS EN LAS ESTIMACIONES CONTABLES Y ERRORES",31-01-2025,es,Apéndice,Modificaciones a otras NICSP,9001,9001,17,17,deleted,[Eliminado],"NICSP 03 — POLÍTICAS CONTABLES, CAMBIOS EN LAS ESTIMACIONES CONTABLES Y ERRORES — Apéndice / Modificaciones a otras NICSP — párr. s/n — p. 17",NICSP 03.pdf,"{""chunk_id"": ""NICSP 03-P9001"", ""doc_set"": ""NICSP"", ""norma_id"": ""NICSP 03"", ""norma_titulo"": ""POLÍTICAS CONTABLES, CAMBIOS EN LAS ESTIMACIONES CONTABLES Y ERRORES"", ""version_corte"": ""31-01-2025"", ""idioma"": ""es"", ""seccion"": ""Apéndice"", ""subseccion"": ""Modificaciones a otras NICSP"", ""parrafo_ini"": 9001, ""parrafo_fin"": 9001, ""page_ini_pdf"": 17, ""page_fin_pdf"": 17, ""content_type"": ""deleted"", ""qa_scope"": ""historico"", ""source_file"": ""NICSP 03.pdf""}"
NICSP 03-T002,NICSP,NICSP 03,"POLÍTICAS CONTABLES, CAMBIOS EN LAS ESTIMACIONES CONTABLES Y ERRORES",31-01-2025,es,Historia de la NICSP,Tabla de párrafos modificados en la NICSP 3,,,2,3,table,"Historia de la NICSP Es ta v ers ión inc luy e las modific aciones introduc idas en las normas NICSP emitidas has ta el 31 de enero de 2025. La NICSP 3, Polític as Contables , Cambios en las Es timac iones Contables y Errores fue emitida en may o de 2000. En dic iembre de 2006 el IPSASB emitió una NICSP 3 rev is ada. Des de entonc es , la IPSAS 3 ha s ido modific ada por las s iguientes normas NICSP: NICSP 46, Medic ión (emitida en may o de 2023) NICSP 45, Propiedades , Planta y Equipo (emitida en may o de 2023) La aplic abilidad de las NICSP (emitida en abril de 2016) Mejoras a las NICSP 2015 (emitida en abril de 2016) NICSP 33, Adopc ión por primera v ez de las Normas Internacionales de Contabilidad del Sec tor Público de Bas e de Ac umulación (o dev engo) (NICSP) (emitida en enero de 2015) Mejoras a las NICSP 2011 (emitida en oc tubre de 2011) Mejoras a las NICSP (emitida en nov iembre de 2010) Mejoras a las NICSP (emitida en enero de 2010) NICSP 31, Activ os Intangibles (emitida en enero de 2010) T abl a de pár r af os modi f i cados en l a NI CSP 3 Párrafo afectado Cómo está afectado Afectado por Sec c ión de Introduc c ión Eliminado Mejoras a las NICSP oc tubre de 2011 5 Eliminado La aplic abilidad de las NICSP abril de 2016 6 Eliminado La aplic abilidad de las NICSP abril de 2016 7 Modific ado Mejoras a las NICSP abril de 2016 9 Modific ado Mejoras a las NICSP enero de 2010 10 Modific ado Mejoras a las NICSP enero de 2010 Mejoras a las NICSP abril de 2016 11 Modific ado Mejoras a las NICSP enero de 2010 12 Modific ado Mejoras a las NICSP abril de 2016 13 Eliminado Mejoras a las NICSP abril de 2016 14 Modific ado Mejoras a las NICSP enero de 2010 Mejoras a las NICSP abril de 2016 15 Modific ado Mejoras a las NICSP abril de 2016 219 NICSP 3 Párrafo afectado Cómo está afectado Afectado por 17 Modific ado Mejoras a las NICSP abril de 2016 22 Modific ado NICSP 31 enero de 2010 NICSP 45 may o de 2023 34 Modific ado Mejoras a las NICSP abril de 2016 57 Modific ado NICSP 46 may o de 2023 59A Nuev o Mejoras a las NICSP enero de 2010 59B Nuev o NICSP 33 enero de 2015 59C Nuev o Mejoras a las NICSP abril de 2016 59D Nuev o La aplic abilidad de las NICSP abril de 2016 59E Nuev o NICSP 45 may o de 2023 59F Nuev o NICSP 46 may o de 2023 60 Modific ado NICSP 33 enero de 2015 GI14 Modific ado NICSP 45 may o de 2023 GI15 Modific ado NICSP 45 may o de 2023 GI16 Modific ado NICSP 45 may o de 2023 GI17 Modific ado NICSP 45 may o de 2023","NICSP 03 — POLÍTICAS CONTABLES, CAMBIOS EN LAS ESTIMACIONES CONTABLES Y ERRORES — Historia de la NICSP / Tabla de párrafos modificados en la NICSP 3 — párr. s/n — p. 2-3",NICSP 03.pdf,"{""chunk_id"": ""NICSP 03-T002"", ""doc_set"": ""NICSP"", ""norma_id"": ""NICSP 03"", ""norma_titulo"": ""POLÍTICAS CONTABLES, CAMBIOS EN LAS ESTIMACIONES CONTABLES Y ERRORES"", ""version_corte"": ""31-01-2025"", ""idioma"": ""es"", ""seccion"": ""Historia de la NICSP"", ""subseccion"": ""Tabla de párrafos modificados en la NICSP 3"", ""parrafo_ini"": null, ""parrafo_fin"": null, ""page_ini_pdf"": 2, ""page_fin_pdf"": 3, ""content_type"": ""table"", ""qa_scope"": ""historico"", ""source_file"": ""NICSP 03.pdf""}"
